{
    "simulation": {
        "id": "Town04_200",
        "duration": "200s",
        "randomSeed": 212323853,
        "projection": {
            "centerCoordinates": {
                "latitude": 52.63,
                "longitude": 13.56
            },
            "cartesianOffset": {
                "x": 503.02,
                "y": 423.76
            }
        },
        "network": {
            "netMask": "255.255.0.0",
            "vehicleNet": "10.1.0.0",
            "rsuNet": "10.2.0.0",
            "tlNet": "10.3.0.0",
            "csNet": "10.4.0.0",
            "serverNet": "10.5.0.0",
            "tmcNet": "10.6.0.0"
        }
    },
    "federates": {
        "application": true,
        "cell": false,
        "environment": false,
        "sns": false,
        "ns3": false,
        "omnetpp": false,
	"output": true,
	"carla": true,
        "sumo": true
    }
}
