{
    "simulation": {
        "id": "Co-simulation",
        "duration": "400s",
        "randomSeed": 212323853,
        "projection": {
            "centerCoordinates": {
                "latitude": 52.63,
                "longitude": 13.56
            },
            "cartesianOffset": {
                "x": -395635.35,
                "y": -5826456.24
            }
        },
        "network": {
            "netMask": "255.255.0.0",
            "vehicleNet": "10.1.0.0",
            "carmaVehicleNet": "10.7.0.0",
	    "carlaVehicleNet": "10.8.0.0",
            "rsuNet": "10.2.0.0",
            "tlNet": "10.3.0.0",
            "csNet": "10.4.0.0",
            "serverNet": "10.5.0.0",
            "tmcNet": "10.6.0.0"
        }
    },
    "federates": {
        "application": true,
        "cell":false,
        "environment": false,
        "sns": false,
        "ns3": true,
        "omnetpp": false,
	"output": true,
	"carla": true,
   	 "carma": true,
        "sumo": true,
	"infrastructure":true
    }
}
