{
     "updateInterval": 100,
    "carmaVehicles":[
{   
    "routeID": "0",
    "lane": 1,
    "position": 0,
    "departSpeed": 0,
    "vehicleType": "vehicle.chevrolet.impala",
    "applications":["org.eclipse.mosaic.app.tutorial.VehicleCommunicationApp"],
    "geoPosition":  {
        "latitude": 52.579272059028646, 
        "longitude": 13.467165499469328
    },
    "projectedPosition":
    {
        "x": 501.62, 
        "y": 116.95
    },

    "heading": 24.204351784500364,
    "slope": 0.0
}],
"senderCarmaVehicleId":"carma_0"
}
