<?xml version="1.0" encoding="UTF-8"?>

<!-- generated on 02/03/21 09:55:49 by Eclipse SUMO netconvert Version 1.7.0
<configuration xmlns:xsi="http://www.w3.org/2001/XMLSchema-instance" xsi:noNamespaceSchemaLocation="http://sumo.dlr.de/xsd/netconvertConfiguration.xsd">

    <input>
        <node-files value="C:\dev\rep\git\mosaic\eclipse-mosaic\bundle\src\assembly\resources\scenarios\Highway\application\Highway.nod.xml"/>
        <edge-files value="C:\dev\rep\git\mosaic\eclipse-mosaic\bundle\src\assembly\resources\scenarios\Highway\application\Highway.edg.xml"/>
        <connection-files value="C:\dev\rep\git\mosaic\eclipse-mosaic\bundle\src\assembly\resources\scenarios\Highway\application\Highway.con.xml"/>
    </input>

    <output>
        <output-file value="C:\dev\rep\git\mosaic\eclipse-mosaic\bundle\src\assembly\resources\scenarios\Highway\application\Highway.net.xml"/>
    </output>

    <report>
        <aggregate-warnings value="5"/>
    </report>

</configuration>
-->

<net version="1.6" junctionCornerDetail="5" limitTurnSpeed="5.50" xmlns:xsi="http://www.w3.org/2001/XMLSchema-instance" xsi:noNamespaceSchemaLocation="http://sumo.dlr.de/xsd/net_file.xsd">

    <location netOffset="-691174.08,-5789894.65" convBoundary="0.00,0.00,10417.53,1414.70" origBoundary="691174.08,5789894.65,701591.61,5791309.35" projParameter="!"/>

    <edge id=":1288275815_0" function="internal">
        <lane id=":1288275815_0_0" index="0" speed="36.11" length="0.30" shape="3500.19,314.14 3499.90,314.07"/>
        <lane id=":1288275815_0_1" index="1" speed="36.11" length="0.30" shape="3500.92,311.02 3500.63,310.95"/>
        <lane id=":1288275815_0_2" index="2" speed="36.11" length="0.30" shape="3501.65,307.90 3501.35,307.83"/>
    </edge>
    <edge id=":1288275930_0" function="internal">
        <lane id=":1288275930_0_0" index="0" speed="36.11" length="0.10" shape="3461.07,305.05 3461.07,305.05"/>
        <lane id=":1288275930_0_1" index="1" speed="36.11" length="0.10" shape="3461.79,301.94 3461.79,301.94"/>
        <lane id=":1288275930_0_2" index="2" speed="36.11" length="0.10" shape="3462.52,298.82 3462.52,298.82"/>
    </edge>
    <edge id=":1389302611_0" function="internal">
        <lane id=":1389302611_0_0" index="0" speed="19.44" length="8.02" shape="1491.49,154.65 1483.59,155.98"/>
    </edge>
    <edge id=":1389302611_1" function="internal">
        <lane id=":1389302611_1_0" index="0" speed="19.44" length="8.27" shape="1483.11,152.82 1485.42,151.97 1486.72,150.65 1488.01,149.30 1490.30,148.36"/>
        <lane id=":1389302611_1_1" index="1" speed="19.44" length="8.27" shape="1483.11,152.82 1490.90,151.50"/>
    </edge>
    <edge id=":1389302723_0" function="internal">
        <lane id=":1389302723_0_0" index="0" speed="36.11" length="0.30" shape="1828.52,13.97 1828.25,13.98"/>
        <lane id=":1389302723_0_1" index="1" speed="36.11" length="0.30" shape="1828.35,10.77 1828.05,10.79"/>
        <lane id=":1389302723_0_2" index="2" speed="36.11" length="0.30" shape="1828.18,7.58 1827.85,7.60"/>
    </edge>
    <edge id=":2030999712_0" function="internal">
        <lane id=":2030999712_0_0" index="0" speed="36.11" length="8.20" shape="6753.80,1070.02 6751.28,1070.06 6749.55,1070.86 6747.83,1071.65 6745.31,1071.67"/>
        <lane id=":2030999712_0_1" index="1" speed="36.11" length="8.20" shape="6753.80,1070.02 6745.92,1068.53"/>
        <lane id=":2030999712_0_2" index="2" speed="36.11" length="8.20" shape="6754.38,1066.87 6746.53,1065.39"/>
        <lane id=":2030999712_0_3" index="3" speed="36.11" length="8.20" shape="6754.96,1063.73 6747.14,1062.24"/>
    </edge>
    <edge id=":2030999713_0" function="internal">
        <lane id=":2030999713_0_0" index="0" speed="36.11" length="7.99" shape="6226.03,953.13 6218.23,951.29"/>
        <lane id=":2030999713_0_1" index="1" speed="36.11" length="7.99" shape="6226.75,950.02 6218.97,948.18"/>
        <lane id=":2030999713_0_2" index="2" speed="36.11" length="7.99" shape="6227.48,946.90 6219.72,945.07"/>
    </edge>
    <edge id=":2031023083_0" function="internal">
        <lane id=":2031023083_0_0" index="0" speed="36.11" length="8.20" shape="1712.68,21.26 1710.26,21.92 1708.80,23.11 1707.34,24.31 1704.92,24.98"/>
        <lane id=":2031023083_0_1" index="1" speed="36.11" length="8.20" shape="1712.68,21.26 1704.71,21.78"/>
        <lane id=":2031023083_0_2" index="2" speed="36.11" length="8.20" shape="1712.48,18.07 1704.49,18.59"/>
        <lane id=":2031023083_0_3" index="3" speed="36.11" length="8.20" shape="1712.28,14.87 1704.28,15.40"/>
    </edge>
    <edge id=":2031023091_0" function="internal">
        <lane id=":2031023091_0_0" index="0" speed="36.11" length="8.00" shape="1066.51,63.41 1058.52,63.94"/>
        <lane id=":2031023091_0_1" index="1" speed="36.11" length="8.00" shape="1066.29,60.22 1058.31,60.75"/>
        <lane id=":2031023091_0_2" index="2" speed="36.11" length="8.00" shape="1066.07,57.02 1058.10,57.56"/>
    </edge>
    <edge id=":26305479_0" function="internal">
        <lane id=":26305479_0_0" index="0" speed="17.49" length="9.75" shape="6433.16,1007.12 6430.86,1005.42 6429.09,1004.51 6427.16,1003.95 6424.34,1003.31"/>
    </edge>
    <edge id=":26305479_1" function="internal">
        <lane id=":26305479_1_0" index="0" speed="36.11" length="8.05" shape="6433.04,1001.61 6425.08,1000.20"/>
        <lane id=":26305479_1_1" index="1" speed="36.11" length="8.05" shape="6433.75,998.49 6425.83,997.08"/>
        <lane id=":26305479_1_2" index="2" speed="36.11" length="8.05" shape="6434.47,995.38 6426.57,993.97"/>
    </edge>
    <edge id=":26305480_0" function="internal">
        <lane id=":26305480_0_0" index="0" speed="36.11" length="0.30" shape="609.80,93.46 609.53,93.48"/>
        <lane id=":26305480_0_1" index="1" speed="36.11" length="0.30" shape="609.59,90.27 609.30,90.29"/>
        <lane id=":26305480_0_2" index="2" speed="36.11" length="0.30" shape="609.38,87.08 609.06,87.10"/>
    </edge>
    <edge id=":272019371_0" function="internal">
        <lane id=":272019371_0_0" index="0" speed="36.11" length="0.30" shape="6311.46,976.30 6311.20,976.24"/>
        <lane id=":272019371_0_1" index="1" speed="36.11" length="0.30" shape="6312.21,973.19 6311.93,973.12"/>
        <lane id=":272019371_0_2" index="2" speed="36.11" length="0.30" shape="6312.96,970.08 6312.65,970.01"/>
        <lane id=":272019371_0_3" index="3" speed="36.11" length="0.30" shape="6313.70,966.97 6313.38,966.89"/>
    </edge>
    <edge id=":272026323_0" function="internal">
        <lane id=":272026323_0_0" index="0" speed="36.11" length="0.29" shape="1845.89,13.05 1845.66,13.06"/>
        <lane id=":272026323_0_1" index="1" speed="36.11" length="0.29" shape="1845.78,9.85 1845.49,9.86"/>
        <lane id=":272026323_0_2" index="2" speed="36.11" length="0.29" shape="1845.66,6.65 1845.32,6.67"/>
    </edge>
    <edge id=":281722117_0" function="internal">
        <lane id=":281722117_0_0" index="0" speed="27.77" length="12.98" shape="6541.83,1031.30 6537.85,1030.51 6534.89,1030.04 6532.19,1029.93 6528.98,1030.20"/>
    </edge>
    <edge id=":281722117_1" function="internal">
        <lane id=":281722117_1_0" index="0" speed="36.11" length="8.33" shape="6542.46,1028.16 6540.09,1027.45 6538.58,1026.60 6537.08,1025.73 6534.73,1024.95"/>
        <lane id=":281722117_1_1" index="1" speed="36.11" length="8.33" shape="6543.08,1025.03 6540.74,1024.32 6539.26,1023.47 6537.77,1022.60 6535.45,1021.83"/>
        <lane id=":281722117_1_2" index="2" speed="36.11" length="8.33" shape="6543.71,1021.89 6541.40,1021.18 6539.93,1020.34 6538.46,1019.48 6536.16,1018.71"/>
    </edge>
    <edge id=":288337201_0" function="internal">
        <lane id=":288337201_0_0" index="0" speed="36.11" length="0.30" shape="6351.00,985.81 6350.70,985.74"/>
        <lane id=":288337201_0_1" index="1" speed="36.11" length="0.30" shape="6351.74,982.70 6351.45,982.62"/>
        <lane id=":288337201_0_2" index="2" speed="36.11" length="0.30" shape="6352.49,979.58 6352.20,979.51"/>
        <lane id=":288337201_0_3" index="3" speed="36.11" length="0.30" shape="6353.23,976.47 6352.95,976.40"/>
    </edge>
    <edge id=":300901535_0" function="internal">
        <lane id=":300901535_0_0" index="0" speed="36.11" length="0.29" shape="571.88,96.28 571.55,96.30"/>
        <lane id=":300901535_0_1" index="1" speed="36.11" length="0.29" shape="571.64,93.09 571.35,93.11"/>
        <lane id=":300901535_0_2" index="2" speed="36.11" length="0.29" shape="571.41,89.90 571.15,89.91"/>
    </edge>
    <edge id=":3256641561_0" function="internal">
        <lane id=":3256641561_0_0" index="0" speed="19.44" length="0.35" shape="1570.76,138.04 1570.42,138.13"/>
    </edge>
    <edge id=":3256641561_1" function="internal">
        <lane id=":3256641561_1_0" index="0" speed="19.44" length="0.19" shape="1568.77,131.95 1568.90,131.91"/>
        <lane id=":3256641561_1_1" index="1" speed="19.44" length="0.19" shape="1569.59,135.04 1569.83,134.98"/>
    </edge>
    <edge id=":3257049721_0" function="internal">
        <lane id=":3257049721_0_0" index="0" speed="36.11" length="0.30" shape="5792.23,850.75 5791.93,850.68"/>
        <lane id=":3257049721_0_1" index="1" speed="36.11" length="0.30" shape="5792.96,847.64 5792.67,847.57"/>
        <lane id=":3257049721_0_2" index="2" speed="36.11" length="0.30" shape="5793.69,844.52 5793.40,844.45"/>
    </edge>
    <edge id=":88060331_0" function="internal">
        <lane id=":88060331_0_0" index="0" speed="10.41" length="7.68" shape="1554.30,146.36 1552.32,145.18 1550.90,144.33 1549.42,143.93 1547.24,144.11"/>
    </edge>
    <edge id=":88060331_1" function="internal">
        <lane id=":88060331_1_0" index="0" speed="19.44" length="7.72" shape="1554.75,142.31 1547.24,144.11"/>
    </edge>
    <edge id=":88060331_2" function="internal">
        <lane id=":88060331_2_0" index="0" speed="3.65" length="2.34" shape="1554.75,142.31 1553.38,141.85 1552.79,141.18"/>
    </edge>
    <edge id=":88060331_6" function="internal">
        <lane id=":88060331_6_0" index="0" speed="3.65" length="2.34" shape="1552.79,141.18 1552.97,140.30 1553.92,139.22"/>
    </edge>
    <edge id=":88060331_3" function="internal">
        <lane id=":88060331_3_0" index="0" speed="19.44" length="7.36" shape="1546.05,137.82 1553.10,136.13"/>
        <lane id=":88060331_3_1" index="1" speed="19.44" length="7.36" shape="1546.65,140.96 1553.92,139.22"/>
    </edge>
    <edge id=":88060331_5" function="internal">
        <lane id=":88060331_5_0" index="0" speed="3.65" length="2.34" shape="1546.65,140.96 1547.98,141.53 1548.52,142.24"/>
    </edge>
    <edge id=":88060331_7" function="internal">
        <lane id=":88060331_7_0" index="0" speed="3.65" length="2.34" shape="1548.52,142.24 1548.27,143.10 1547.24,144.11"/>
    </edge>
    <edge id=":88060341_0" function="internal">
        <lane id=":88060341_0_0" index="0" speed="21.13" length="8.67" shape="1320.60,50.89 1318.14,50.15 1316.41,49.79 1314.64,49.72 1312.08,49.87"/>
    </edge>
    <edge id=":88060341_1" function="internal">
        <lane id=":88060341_1_0" index="0" speed="36.11" length="9.44" shape="1321.27,46.37 1311.86,46.67"/>
        <lane id=":88060341_1_1" index="1" speed="36.11" length="9.44" shape="1321.08,43.18 1311.65,43.48"/>
        <lane id=":88060341_1_2" index="2" speed="36.11" length="9.44" shape="1320.89,39.99 1311.43,40.29"/>
    </edge>
    <edge id=":88060447_0" function="internal">
        <lane id=":88060447_0_0" index="0" speed="3.65" length="4.67" shape="1577.47,132.66 1578.85,133.08 1579.46,133.73 1579.31,134.61 1578.39,135.72"/>
    </edge>
    <edge id=":88061055_0" function="internal">
        <lane id=":88061055_0_0" index="0" speed="19.44" length="3.46" shape="1443.22,152.98 1442.26,152.61 1441.59,152.38 1440.92,152.19 1439.92,151.96"/>
    </edge>
    <edge id=":88061055_1" function="internal">
        <lane id=":88061055_1_0" index="0" speed="3.65" length="2.34" shape="1443.22,152.98 1442.38,151.80 1442.30,150.91"/>
    </edge>
    <edge id=":88061055_3" function="internal">
        <lane id=":88061055_3_0" index="0" speed="3.65" length="2.34" shape="1442.30,150.91 1442.96,150.31 1444.37,149.99"/>
    </edge>
    <edge id=":88061055_2" function="internal">
        <lane id=":88061055_2_0" index="0" speed="19.44" length="3.45" shape="1441.38,148.32 1442.19,148.93 1442.78,149.31 1443.42,149.62 1444.37,149.99"/>
    </edge>
    <edge id=":88061064_0" function="internal">
        <lane id=":88061064_0_0" index="0" speed="13.32" length="4.58" shape="1449.31,42.26 1447.95,42.35 1447.02,42.49 1446.14,42.78 1444.93,43.37"/>
    </edge>
    <edge id=":88061064_1" function="internal">
        <lane id=":88061064_1_0" index="0" speed="36.11" length="3.07" shape="1449.09,39.07 1448.18,39.07 1447.55,38.99 1446.93,38.90 1446.01,38.90"/>
        <lane id=":88061064_1_1" index="1" speed="36.11" length="3.07" shape="1448.88,35.88 1447.97,35.88 1447.35,35.79 1446.73,35.71 1445.82,35.71"/>
        <lane id=":88061064_1_2" index="2" speed="36.11" length="3.07" shape="1448.66,32.68 1447.76,32.69 1447.15,32.60 1446.53,32.51 1445.63,32.51"/>
    </edge>

    <edge id="10367221_88060173_88060331" from="88060173" to="88060331" priority="-1" shape="1585.69,169.57 1577.24,163.27 1571.63,153.60 1549.51,142.05">
        <lane id="10367221_88060173_88060331_0" index="0" speed="19.44" length="40.17" shape="1584.73,170.85 1576.02,164.36 1570.48,154.80 1554.30,146.36"/>
    </edge>
    <edge id="10367237_88061064_88061055" from="88061064" to="88061055" priority="-1" shape="1494.34,27.99 1483.58,35.33 1459.66,36.88 1446.64,40.69 1438.04,45.11 1429.74,51.48 1421.39,59.11 1409.45,82.88 1407.24,94.55 1408.46,104.79 1412.37,118.51 1417.12,127.36 1421.73,133.28 1429.30,141.06 1441.96,150.78">
        <lane id="10367237_88061064_88061055_0" index="0" speed="19.44" length="130.91" shape="1444.93,43.37 1438.90,46.47 1430.77,52.71 1422.69,60.09 1410.98,83.40 1408.86,94.61 1410.03,104.47 1413.86,117.91 1418.47,126.48 1422.94,132.23 1430.37,139.86 1441.38,148.32"/>
    </edge>
    <edge id="113622292_1288275930_272026323" from="1288275930" to="272026323" priority="-1" shape="3462.88,297.26 3297.45,258.87 2816.35,145.03 2629.85,101.25 2367.50,41.86 2285.15,25.68 2196.09,13.01 2112.92,5.11 2054.66,1.98 1985.90,0.00 1845.42,5.06">
        <lane id="113622292_1288275930_272026323_0" index="0" speed="36.11" length="1648.45" shape="3461.07,305.05 3295.62,266.66 2814.51,152.82 2628.05,109.05 2365.85,49.69 2283.81,33.57 2195.15,20.96 2112.33,13.09 2054.33,9.97 1985.93,8.00 1845.89,13.05"/>
        <lane id="113622292_1288275930_272026323_1" index="1" speed="36.11" length="1648.45" shape="3461.79,301.94 3296.35,263.54 2815.25,149.70 2628.77,105.93 2366.51,46.56 2284.35,30.41 2195.52,17.78 2112.56,9.90 2054.46,6.78 1985.92,4.80 1845.78,9.85"/>
        <lane id="113622292_1288275930_272026323_2" index="2" speed="36.11" length="1648.45" shape="3462.52,298.82 3297.08,260.43 2815.98,146.59 2629.49,102.81 2367.17,43.43 2284.88,27.26 2195.90,14.60 2112.80,6.71 2054.59,3.58 1985.91,1.60 1845.66,6.65"/>
    </edge>
    <edge id="113622295_1288275815_1288275930" from="1288275815" to="1288275930" priority="-1">
        <lane id="113622295_1288275815_1288275930_0" index="0" speed="36.11" length="39.86" shape="3499.90,314.07 3461.07,305.05"/>
        <lane id="113622295_1288275815_1288275930_1" index="1" speed="36.11" length="39.86" shape="3500.63,310.95 3461.79,301.94"/>
        <lane id="113622295_1288275815_1288275930_2" index="2" speed="36.11" length="39.86" shape="3501.35,307.83 3462.52,298.82"/>
    </edge>
    <edge id="124977385_1389302723_2031023083" from="1389302723" to="2031023083" priority="-1">
        <lane id="124977385_1389302723_2031023083_0" index="0" speed="36.11" length="115.80" shape="1828.25,13.98 1712.68,21.26"/>
        <lane id="124977385_1389302723_2031023083_1" index="1" speed="36.11" length="115.80" shape="1828.05,10.79 1712.48,18.07"/>
        <lane id="124977385_1389302723_2031023083_2" index="2" speed="36.11" length="115.80" shape="1827.85,7.60 1712.28,14.87"/>
    </edge>
    <edge id="124977386_272026323_1389302723" from="272026323" to="1389302723" priority="-1">
        <lane id="124977386_272026323_1389302723_0" index="0" speed="36.11" length="17.17" shape="1845.66,13.06 1828.52,13.97"/>
        <lane id="124977386_272026323_1389302723_1" index="1" speed="36.11" length="17.17" shape="1845.49,9.86 1828.35,10.77"/>
        <lane id="124977386_272026323_1389302723_2" index="2" speed="36.11" length="17.17" shape="1845.32,6.67 1828.18,7.58"/>
    </edge>
    <edge id="192548810_281722117_26305479" from="281722117" to="26305479" priority="-1">
        <lane id="192548810_281722117_26305479_0" index="0" speed="36.11" length="104.33" shape="6534.73,1024.95 6433.04,1001.61"/>
        <lane id="192548810_281722117_26305479_1" index="1" speed="36.11" length="104.33" shape="6535.45,1021.83 6433.75,998.49"/>
        <lane id="192548810_281722117_26305479_2" index="2" speed="36.11" length="104.33" shape="6536.16,1018.71 6434.47,995.38"/>
    </edge>
    <edge id="192548819_26305479_288337201" from="26305479" to="288337201" priority="-1">
        <lane id="192548819_26305479_288337201_0" index="0" speed="36.11" length="75.40" acceleration="1" shape="6424.34,1003.31 6351.00,985.81"/>
        <lane id="192548819_26305479_288337201_1" index="1" speed="36.11" length="75.40" shape="6425.08,1000.20 6351.74,982.70"/>
        <lane id="192548819_26305479_288337201_2" index="2" speed="36.11" length="75.40" shape="6425.83,997.08 6352.49,979.58"/>
        <lane id="192548819_26305479_288337201_3" index="3" speed="36.11" length="75.40" shape="6426.57,993.97 6353.23,976.47"/>
    </edge>
    <edge id="192548822_2030999712_281722117" from="2030999712" to="281722117" priority="-1" shape="6751.35,1061.43 6712.25,1053.85 6592.19,1029.92">
        <lane id="192548822_2030999712_281722117_0" index="0" speed="36.11" length="207.42" shape="6745.31,1071.67 6710.09,1064.84 6541.83,1031.30"/>
        <lane id="192548822_2030999712_281722117_1" index="1" speed="36.11" length="207.42" shape="6745.92,1068.53 6710.71,1061.70 6542.46,1028.16"/>
        <lane id="192548822_2030999712_281722117_2" index="2" speed="36.11" length="207.42" shape="6746.53,1065.39 6711.32,1058.56 6543.08,1025.03"/>
        <lane id="192548822_2030999712_281722117_3" index="3" speed="36.11" length="207.42" shape="6747.14,1062.24 6711.94,1055.42 6543.71,1021.89"/>
    </edge>
    <edge id="192548826_2030999713_3257049721" from="2030999713" to="3257049721" priority="-1" shape="6223.96,944.44 6112.11,917.61 5793.91,842.93">
        <lane id="192548826_2030999713_3257049721_0" index="0" speed="36.11" length="437.72" shape="6218.23,951.29 6110.26,925.39 5792.23,850.75"/>
        <lane id="192548826_2030999713_3257049721_1" index="1" speed="36.11" length="437.72" shape="6218.97,948.18 6111.00,922.28 5792.96,847.64"/>
        <lane id="192548826_2030999713_3257049721_2" index="2" speed="36.11" length="437.72" shape="6219.72,945.07 6111.74,919.17 5793.69,844.52"/>
    </edge>
    <edge id="192552847_88060341_2031023091" from="88060341" to="2031023091" priority="-1">
        <lane id="192552847_88060341_2031023091_0" index="0" speed="36.11" length="245.93" acceleration="1" shape="1312.08,49.87 1066.73,66.60"/>
        <lane id="192552847_88060341_2031023091_1" index="1" speed="36.11" length="245.93" shape="1311.86,46.67 1066.51,63.41"/>
        <lane id="192552847_88060341_2031023091_2" index="2" speed="36.11" length="245.93" shape="1311.65,43.48 1066.29,60.22"/>
        <lane id="192552847_88060341_2031023091_3" index="3" speed="36.11" length="245.93" shape="1311.43,40.29 1066.07,57.02"/>
    </edge>
    <edge id="192552848_2031023083_88061064" from="2031023083" to="88061064" priority="-1">
        <lane id="192552848_2031023083_88061064_0" index="0" speed="36.11" length="256.20" shape="1704.92,24.98 1449.31,42.26"/>
        <lane id="192552848_2031023083_88061064_1" index="1" speed="36.11" length="256.20" shape="1704.71,21.78 1449.09,39.07"/>
        <lane id="192552848_2031023083_88061064_2" index="2" speed="36.11" length="256.20" shape="1704.49,18.59 1448.88,35.88"/>
        <lane id="192552848_2031023083_88061064_3" index="3" speed="36.11" length="256.20" shape="1704.28,15.40 1448.66,32.68"/>
    </edge>
    <edge id="192552849_2031023091_26305480" from="2031023091" to="26305480" priority="-1">
        <lane id="192552849_2031023091_26305480_0" index="0" speed="36.11" length="449.69" shape="1058.52,63.94 609.80,93.46"/>
        <lane id="192552849_2031023091_26305480_1" index="1" speed="36.11" length="449.69" shape="1058.31,60.75 609.59,90.27"/>
        <lane id="192552849_2031023091_26305480_2" index="2" speed="36.11" length="449.69" shape="1058.10,57.56 609.38,87.08"/>
    </edge>
    <edge id="192552852_88061064_88060341" from="88061064" to="88060341" priority="-1">
        <lane id="192552852_88061064_88060341_0" index="0" speed="36.11" length="124.96" shape="1446.01,38.90 1321.27,46.37"/>
        <lane id="192552852_88061064_88060341_1" index="1" speed="36.11" length="124.96" shape="1445.82,35.71 1321.08,43.18"/>
        <lane id="192552852_88061064_88060341_2" index="2" speed="36.11" length="124.96" shape="1445.63,32.51 1320.89,39.99"/>
    </edge>
    <edge id="25828075_281722117_281722123" from="281722117" to="281722123" priority="-1" shape="6592.19,1029.92 6578.04,1033.76 6544.30,1026.63 6518.28,1029.95 6497.65,1037.87 6487.80,1042.86 6478.81,1049.25 6469.34,1057.39 6460.71,1066.94 6453.80,1075.61 6446.57,1083.17 6437.87,1091.02 6427.59,1097.16 6416.36,1100.83 6403.87,1103.35 6380.31,1100.07 6317.95,1086.17 6302.66,1088.77">
        <lane id="25828075_281722117_281722123_0" index="0" speed="19.44" length="253.02" shape="6528.98,1030.20 6518.67,1031.51 6498.30,1039.33 6488.63,1044.23 6479.80,1050.51 6470.46,1058.54 6461.93,1067.98 6455.01,1076.66 6447.69,1084.32 6438.83,1092.31 6428.26,1098.63 6416.77,1102.38 6403.92,1104.97 6380.03,1101.65 6317.91,1087.80 6302.93,1090.35"/>
    </edge>
    <edge id="26317846_272019371_2030999713" from="272019371" to="2030999713" priority="-1">
        <lane id="26317846_272019371_2030999713_0" index="0" speed="36.11" length="88.20" shape="6311.20,976.24 6225.30,956.25"/>
        <lane id="26317846_272019371_2030999713_1" index="1" speed="36.11" length="88.20" shape="6311.93,973.12 6226.03,953.13"/>
        <lane id="26317846_272019371_2030999713_2" index="2" speed="36.11" length="88.20" shape="6312.65,970.01 6226.75,950.02"/>
        <lane id="26317846_272019371_2030999713_3" index="3" speed="36.11" length="88.20" shape="6313.38,966.89 6227.48,946.90"/>
    </edge>
    <edge id="26317848_288337201_272019371" from="288337201" to="272019371" priority="-1">
        <lane id="26317848_288337201_272019371_0" index="0" speed="36.11" length="40.36" shape="6350.70,985.74 6311.46,976.30"/>
        <lane id="26317848_288337201_272019371_1" index="1" speed="36.11" length="40.36" shape="6351.45,982.62 6312.21,973.19"/>
        <lane id="26317848_288337201_272019371_2" index="2" speed="36.11" length="40.36" shape="6352.20,979.51 6312.96,970.08"/>
        <lane id="26317848_288337201_272019371_3" index="3" speed="36.11" length="40.36" shape="6352.95,976.40 6313.70,966.97"/>
    </edge>
    <edge id="27410136_300901535_3257049719" from="300901535" to="3257049719" priority="-1">
        <lane id="27410136_300901535_3257049719_0" index="0" speed="36.11" length="572.17" shape="571.55,96.30 0.50,132.10"/>
        <lane id="27410136_300901535_3257049719_1" index="1" speed="36.11" length="572.17" shape="571.35,93.11 0.30,128.91"/>
        <lane id="27410136_300901535_3257049719_2" index="2" speed="36.11" length="572.17" shape="571.15,89.91 0.10,125.72"/>
    </edge>
    <edge id="27410145_26305480_300901535" from="26305480" to="300901535" priority="-1">
        <lane id="27410145_26305480_300901535_0" index="0" speed="36.11" length="37.76" shape="609.53,93.48 571.88,96.28"/>
        <lane id="27410145_26305480_300901535_1" index="1" speed="36.11" length="37.76" shape="609.30,90.29 571.64,93.09"/>
        <lane id="27410145_26305480_300901535_2" index="2" speed="36.11" length="37.76" shape="609.06,87.10 571.41,89.90"/>
    </edge>
    <edge id="319252325_88061055_88060341" from="88061055" to="88060341" priority="-1" shape="1441.96,150.78 1427.55,147.50 1413.52,137.21 1405.11,128.44 1398.35,119.64 1382.13,94.40 1368.77,75.58 1360.90,68.08 1352.95,62.22 1341.19,56.51 1326.57,51.07 1314.93,47.45 1297.61,48.06 1279.54,40.86">
        <lane id="319252325_88061055_88060341_0" index="0" speed="19.44" length="162.08" shape="1439.92,151.96 1426.87,148.99 1412.46,138.42 1403.89,129.48 1397.04,120.56 1380.80,95.30 1367.55,76.63 1359.87,69.31 1352.12,63.60 1340.56,57.98 1326.05,52.58 1320.60,50.89"/>
    </edge>
    <edge id="319252328_3256641561_88060331" from="3256641561" to="88060331" priority="-1">
        <lane id="319252328_3256641561_88060331_0" index="0" speed="19.44" length="16.22" shape="1570.42,138.13 1554.75,142.31"/>
    </edge>
    <edge id="319252328_88060331_3256641561" from="88060331" to="3256641561" priority="-1">
        <lane id="319252328_88060331_3256641561_0" index="0" speed="19.44" length="16.22" shape="1553.10,136.13 1568.77,131.95"/>
        <lane id="319252328_88060331_3256641561_1" index="1" speed="19.44" length="16.22" shape="1553.92,139.22 1569.59,135.04"/>
    </edge>
    <edge id="319252330_1389302611_88060331" from="1389302611" to="88060331" priority="-1">
        <lane id="319252330_1389302611_88060331_0" index="0" speed="19.44" length="56.74" shape="1490.30,148.36 1546.05,137.82"/>
        <lane id="319252330_1389302611_88060331_1" index="1" speed="19.44" length="56.74" shape="1490.90,151.50 1546.65,140.96"/>
    </edge>
    <edge id="319252330_88060331_1389302611" from="88060331" to="1389302611" priority="-1">
        <lane id="319252330_88060331_1389302611_0" index="0" speed="19.44" length="56.74" shape="1547.24,144.11 1491.49,154.65"/>
    </edge>
    <edge id="319252331_3256641561_88060447" from="3256641561" to="88060447" priority="-1">
        <lane id="319252331_3256641561_88060447_0" index="0" speed="19.44" length="7.98" shape="1568.90,131.91 1576.54,129.60"/>
        <lane id="319252331_3256641561_88060447_1" index="1" speed="19.44" length="7.98" shape="1569.83,134.98 1577.47,132.66"/>
    </edge>
    <edge id="319252331_88060447_3256641561" from="88060447" to="3256641561" priority="-1">
        <lane id="319252331_88060447_3256641561_0" index="0" speed="19.44" length="7.98" shape="1578.39,135.72 1570.76,138.04"/>
    </edge>
    <edge id="319252333_1389302611_88061055" from="1389302611" to="88061055" priority="-1" shape="1487.30,153.81 1470.99,156.25 1454.27,155.52 1441.96,150.78">
        <lane id="319252333_1389302611_88061055_0" index="0" speed="19.44" length="41.29" shape="1483.59,155.98 1471.07,157.86 1453.94,157.11 1443.22,152.98"/>
    </edge>
    <edge id="319252333_88061055_1389302611" from="88061055" to="1389302611" priority="-1" shape="1441.96,150.78 1454.27,155.52 1470.99,156.25 1487.30,153.81">
        <lane id="319252333_88061055_1389302611_0" index="0" speed="19.44" length="39.63" shape="1444.37,149.99 1454.60,153.93 1470.91,154.64 1483.11,152.82"/>
    </edge>
    <edge id="319292433_3257049721_1288275815" from="3257049721" to="1288275815" priority="-1" shape="5793.91,842.93 4984.85,652.42 3501.86,306.31">
        <lane id="319292433_3257049721_1288275815_0" index="0" speed="36.11" length="2353.72" shape="5791.93,850.68 4983.02,660.21 3500.19,314.14"/>
        <lane id="319292433_3257049721_1288275815_1" index="1" speed="36.11" length="2353.72" shape="5792.67,847.57 4983.75,657.09 3500.92,311.02"/>
        <lane id="319292433_3257049721_1288275815_2" index="2" speed="36.11" length="2353.72" shape="5793.40,844.45 4984.48,653.98 3501.65,307.90"/>
    </edge>
    <edge id="412997780_4143246482_2030999712" from="4143246482" to="2030999712" priority="-1" shape="10417.53,1414.70 10185.30,1394.91 9613.61,1345.96 9057.76,1298.25 8501.41,1251.81 8226.14,1227.96 7944.02,1203.64 7390.07,1155.38 7210.73,1135.25 7036.29,1110.84 6850.55,1079.80 6751.35,1061.43">
        <lane id="412997780_4143246482_2030999712_0" index="0" speed="36.11" length="3680.86" shape="10416.85,1422.67 10184.62,1402.88 9612.93,1353.93 9057.09,1306.22 8500.73,1259.78 8225.45,1235.93 7943.33,1211.61 7389.28,1163.34 7209.73,1143.19 7035.08,1118.75 6849.16,1087.68 6753.80,1070.02"/>
        <lane id="412997780_4143246482_2030999712_1" index="1" speed="36.11" length="3680.86" shape="10417.12,1419.48 10184.89,1399.69 9613.20,1350.74 9057.36,1303.03 8501.00,1256.59 8225.73,1232.74 7943.61,1208.42 7389.59,1160.16 7210.13,1140.01 7035.56,1115.58 6849.72,1084.53 6754.38,1066.87"/>
        <lane id="412997780_4143246482_2030999712_2" index="2" speed="36.11" length="3680.86" shape="10417.39,1416.29 10185.16,1396.50 9613.47,1347.55 9057.63,1299.84 8501.27,1253.40 8226.00,1229.55 7943.88,1205.23 7389.91,1156.97 7210.53,1136.84 7036.05,1112.42 6850.27,1081.38 6754.96,1063.73"/>
    </edge>
    <edge id="9827680_41779436_26305479" from="41779436" to="26305479" priority="-1" shape="6307.58,1069.31 6324.12,1080.95 6345.12,1086.60 6388.68,1097.02 6407.89,1098.22 6426.71,1092.70 6434.92,1088.10 6441.81,1082.07 6447.66,1074.82 6451.72,1066.22 6453.81,1057.76 6454.77,1049.52 6454.56,1041.57 6453.98,1033.51 6451.02,1026.27 6447.17,1018.64 6440.34,1010.81 6432.19,1004.30 6421.77,998.12 6392.58,990.66 6382.67,981.85">
        <lane id="9827680_41779436_26305479_0" index="0" speed="19.44" length="225.77" shape="6308.50,1068.00 6324.81,1079.48 6345.51,1085.05 6388.92,1095.43 6407.71,1096.61 6426.09,1091.22 6433.99,1086.79 6440.65,1080.96 6446.29,1073.96 6450.20,1065.68 6452.23,1057.47 6453.17,1049.45 6452.96,1041.65 6452.40,1033.88 6449.56,1026.93 6445.83,1019.54 6439.23,1011.97 6433.16,1007.12"/>
    </edge>

    <tlLogic id="88060447" type="static" programID="0" offset="0">
        <phase duration="80" state="G"/>
        <phase duration="5"  state="y"/>
        <phase duration="5"  state="r"/>
    </tlLogic>

    <junction id="1288275815" type="priority" x="3501.86" y="306.31" incLanes="319292433_3257049721_1288275815_0 319292433_3257049721_1288275815_1 319292433_3257049721_1288275815_2" intLanes=":1288275815_0_0 :1288275815_0_1 :1288275815_0_2" shape="3499.83,315.69 3502.01,306.34 3501.71,306.28 3499.54,315.63">
        <request index="0" response="000" foes="000" cont="0"/>
        <request index="1" response="000" foes="000" cont="0"/>
        <request index="2" response="000" foes="000" cont="0"/>
    </junction>
    <junction id="1288275930" type="priority" x="3462.88" y="297.26" incLanes="113622295_1288275815_1288275930_0 113622295_1288275815_1288275930_1 113622295_1288275815_1288275930_2" intLanes=":1288275930_0_0 :1288275930_0_1 :1288275930_0_2" shape="3460.71,306.61 3462.88,297.26 3460.71,306.61">
        <request index="0" response="000" foes="000" cont="0"/>
        <request index="1" response="000" foes="000" cont="0"/>
        <request index="2" response="000" foes="000" cont="0"/>
    </junction>
    <junction id="1389302611" type="priority" x="1487.30" y="153.81" incLanes="319252330_88060331_1389302611_0 319252333_88061055_1389302611_0" intLanes=":1389302611_0_0 :1389302611_1_0 :1389302611_1_1" shape="1491.79,156.22 1490.01,146.79 1487.25,148.15 1486.45,149.07 1485.65,149.98 1484.56,150.74 1482.88,151.24 1483.82,157.57">
        <request index="0" response="000" foes="000" cont="0"/>
        <request index="1" response="000" foes="000" cont="0"/>
        <request index="2" response="000" foes="000" cont="0"/>
    </junction>
    <junction id="1389302723" type="priority" x="1827.92" y="5.99" incLanes="124977386_272026323_1389302723_0 124977386_272026323_1389302723_1 124977386_272026323_1389302723_2" intLanes=":1389302723_0_0 :1389302723_0_1 :1389302723_0_2" shape="1828.60,15.57 1828.09,5.98 1827.75,6.00 1828.35,15.58">
        <request index="0" response="000" foes="000" cont="0"/>
        <request index="1" response="000" foes="000" cont="0"/>
        <request index="2" response="000" foes="000" cont="0"/>
    </junction>
    <junction id="2030999712" type="priority" x="6751.35" y="1061.43" incLanes="412997780_4143246482_2030999712_0 412997780_4143246482_2030999712_1 412997780_4143246482_2030999712_2" intLanes=":2030999712_0_0 :2030999712_0_1 :2030999712_0_2 :2030999712_0_3" shape="6753.51,1071.59 6755.26,1062.15 6747.44,1060.67 6745.01,1073.24 6748.15,1073.00 6749.26,1072.43 6750.36,1071.85 6751.69,1071.50">
        <request index="0" response="0000" foes="0000" cont="0"/>
        <request index="1" response="0000" foes="0000" cont="0"/>
        <request index="2" response="0000" foes="0000" cont="0"/>
        <request index="3" response="0000" foes="0000" cont="0"/>
    </junction>
    <junction id="2030999713" type="priority" x="6223.96" y="944.44" incLanes="26317846_272019371_2030999713_0 26317846_272019371_2030999713_1 26317846_272019371_2030999713_2 26317846_272019371_2030999713_3" intLanes=":2030999713_0_0 :2030999713_0_1 :2030999713_0_2" shape="6224.94,957.81 6227.84,945.34 6220.09,943.51 6217.85,952.85 6220.62,954.36 6222.16,956.31 6223.24,957.17">
        <request index="0" response="000" foes="000" cont="0"/>
        <request index="1" response="000" foes="000" cont="0"/>
        <request index="2" response="000" foes="000" cont="0"/>
    </junction>
    <junction id="2031023083" type="priority" x="1708.17" y="13.53" incLanes="124977385_1389302723_2031023083_0 124977385_1389302723_2031023083_1 124977385_1389302723_2031023083_2" intLanes=":2031023083_0_0 :2031023083_0_1 :2031023083_0_2 :2031023083_0_3" shape="1712.78,22.86 1712.18,13.28 1704.17,13.80 1705.03,26.57 1707.99,25.54 1709.82,23.88 1711.01,23.21">
        <request index="0" response="0000" foes="0000" cont="0"/>
        <request index="1" response="0000" foes="0000" cont="0"/>
        <request index="2" response="0000" foes="0000" cont="0"/>
        <request index="3" response="0000" foes="0000" cont="0"/>
    </junction>
    <junction id="2031023091" type="priority" x="1061.98" y="55.70" incLanes="192552847_88060341_2031023091_0 192552847_88060341_2031023091_1 192552847_88060341_2031023091_2 192552847_88060341_2031023091_3" intLanes=":2031023091_0_0 :2031023091_0_1 :2031023091_0_2" shape="1066.84,68.20 1065.96,55.43 1058.00,55.96 1058.63,65.54 1061.71,66.17 1063.75,67.58 1065.03,68.08">
        <request index="0" response="000" foes="000" cont="0"/>
        <request index="1" response="000" foes="000" cont="0"/>
        <request index="2" response="000" foes="000" cont="0"/>
    </junction>
    <junction id="26305479" type="priority" x="6382.67" y="981.85" incLanes="9827680_41779436_26305479_0 192548810_281722117_26305479_0 192548810_281722117_26305479_1 192548810_281722117_26305479_2" intLanes=":26305479_0_0 :26305479_1_0 :26305479_1_1 :26305479_1_2" shape="6432.09,1008.31 6434.23,1005.93 6432.19,1004.13 6431.74,1003.56 6431.67,1003.21 6431.98,1003.08 6432.68,1003.17 6434.83,993.82 6426.94,992.41 6423.97,1004.86 6427.21,1005.60 6428.34,1005.94 6429.40,1006.42 6430.59,1007.17">
        <request index="0" response="0000" foes="0000" cont="0"/>
        <request index="1" response="0000" foes="0000" cont="0"/>
        <request index="2" response="0000" foes="0000" cont="0"/>
        <request index="3" response="0000" foes="0000" cont="0"/>
    </junction>
    <junction id="26305480" type="priority" x="609.11" y="85.49" incLanes="192552849_2031023091_26305480_0 192552849_2031023091_26305480_1 192552849_2031023091_26305480_2" intLanes=":26305480_0_0 :26305480_0_1 :26305480_0_2" shape="609.91,95.06 609.28,85.48 608.94,85.50 609.65,95.08">
        <request index="0" response="000" foes="000" cont="0"/>
        <request index="1" response="000" foes="000" cont="0"/>
        <request index="2" response="000" foes="000" cont="0"/>
    </junction>
    <junction id="272019371" type="priority" x="6313.91" y="965.37" incLanes="26317848_288337201_272019371_0 26317848_288337201_272019371_1 26317848_288337201_272019371_2 26317848_288337201_272019371_3" intLanes=":272019371_0_0 :272019371_0_1 :272019371_0_2 :272019371_0_3" shape="6311.08,977.86 6314.08,965.41 6313.74,965.33 6310.84,977.80">
        <request index="0" response="0000" foes="0000" cont="0"/>
        <request index="1" response="0000" foes="0000" cont="0"/>
        <request index="2" response="0000" foes="0000" cont="0"/>
        <request index="3" response="0000" foes="0000" cont="0"/>
    </junction>
    <junction id="272026323" type="priority" x="1845.42" y="5.06" incLanes="113622292_1288275930_272026323_0 113622292_1288275930_272026323_1 113622292_1288275930_272026323_2" intLanes=":272026323_0_0 :272026323_0_1 :272026323_0_2" shape="1845.95,14.65 1845.60,5.05 1845.24,5.07 1845.75,14.66">
        <request index="0" response="000" foes="000" cont="0"/>
        <request index="1" response="000" foes="000" cont="0"/>
        <request index="2" response="000" foes="000" cont="0"/>
    </junction>
    <junction id="281722117" type="priority" x="6592.19" y="1029.92" incLanes="192548822_2030999712_281722117_0 192548822_2030999712_281722117_1 192548822_2030999712_281722117_2 192548822_2030999712_281722117_3" intLanes=":281722117_0_0 :281722117_1_0 :281722117_1_1 :281722117_1_2" shape="6541.52,1032.87 6544.02,1020.32 6541.18,1019.35 6540.26,1018.78 6539.34,1018.20 6538.18,1017.64 6536.52,1017.15 6534.37,1026.50 6535.46,1027.14 6534.87,1027.49 6533.52,1027.85 6531.41,1028.24 6528.55,1028.64 6529.41,1031.76 6531.99,1031.49 6533.91,1031.44 6535.49,1031.58 6537.07,1031.88 6538.97,1032.32">
        <request index="0" response="0000" foes="0000" cont="0"/>
        <request index="1" response="0000" foes="0000" cont="0"/>
        <request index="2" response="0000" foes="0000" cont="0"/>
        <request index="3" response="0000" foes="0000" cont="0"/>
    </junction>
    <junction id="281722123" type="dead_end" x="6302.66" y="1088.77" incLanes="25828075_281722117_281722123_0" intLanes="" shape="6303.20,1091.92 6302.66,1088.77"/>
    <junction id="288337201" type="priority" x="6353.46" y="974.88" incLanes="192548819_26305479_288337201_0 192548819_26305479_288337201_1 192548819_26305479_288337201_2 192548819_26305479_288337201_3" intLanes=":288337201_0_0 :288337201_0_1 :288337201_0_2 :288337201_0_3" shape="6350.63,987.36 6353.60,974.91 6353.32,974.85 6350.33,987.29">
        <request index="0" response="0000" foes="0000" cont="0"/>
        <request index="1" response="0000" foes="0000" cont="0"/>
        <request index="2" response="0000" foes="0000" cont="0"/>
        <request index="3" response="0000" foes="0000" cont="0"/>
    </junction>
    <junction id="300901535" type="priority" x="571.17" y="88.31" incLanes="27410145_26305480_300901535_0 27410145_26305480_300901535_1 27410145_26305480_300901535_2" intLanes=":300901535_0_0 :300901535_0_1 :300901535_0_2" shape="572.00,97.87 571.29,88.30 571.05,88.32 571.65,97.90">
        <request index="0" response="000" foes="000" cont="0"/>
        <request index="1" response="000" foes="000" cont="0"/>
        <request index="2" response="000" foes="000" cont="0"/>
    </junction>
    <junction id="3256641561" type="priority" x="1570.15" y="136.55" incLanes="319252331_88060447_3256641561_0 319252328_88060331_3256641561_0 319252328_88060331_3256641561_1" intLanes=":3256641561_0_0 :3256641561_1_0 :3256641561_1_1" shape="1571.22,139.57 1568.43,130.38 1570.83,139.68">
        <request index="0" response="000" foes="000" cont="0"/>
        <request index="1" response="000" foes="000" cont="0"/>
        <request index="2" response="000" foes="000" cont="0"/>
    </junction>
    <junction id="3257049719" type="dead_end" x="0.00" y="124.12" incLanes="27410136_300901535_3257049719_0 27410136_300901535_3257049719_1 27410136_300901535_3257049719_2" intLanes="" shape="0.60,133.70 0.00,124.12"/>
    <junction id="3257049721" type="priority" x="5793.91" y="842.93" incLanes="192548826_2030999713_3257049721_0 192548826_2030999713_3257049721_1 192548826_2030999713_3257049721_2" intLanes=":3257049721_0_0 :3257049721_0_1 :3257049721_0_2" shape="5791.86,852.31 5794.05,842.96 5793.77,842.90 5791.57,852.24">
        <request index="0" response="000" foes="000" cont="0"/>
        <request index="1" response="000" foes="000" cont="0"/>
        <request index="2" response="000" foes="000" cont="0"/>
    </junction>
    <junction id="4143246482" type="dead_end" x="10417.53" y="1414.70" incLanes="" intLanes="" shape="10417.53,1414.70 10416.71,1424.27"/>
    <junction id="41779436" type="dead_end" x="6307.58" y="1069.31" incLanes="" intLanes="" shape="6307.58,1069.31 6309.42,1066.69"/>
    <junction id="88060173" type="dead_end" x="1585.69" y="169.57" incLanes="" intLanes="" shape="1585.69,169.57 1583.78,172.14"/>
    <junction id="88060331" type="priority" x="1549.51" y="142.05" incLanes="10367221_88060173_88060331_0 319252328_3256641561_88060331_0 319252330_1389302611_88060331_0 319252330_1389302611_88060331_1" intLanes=":88060331_0_0 :88060331_1_0 :88060331_6_0 :88060331_3_0 :88060331_3_1 :88060331_7_0" shape="1553.56,147.77 1555.04,144.94 1554.46,144.51 1554.40,144.32 1554.50,144.15 1554.75,143.99 1555.16,143.86 1552.69,134.58 1545.76,136.25 1547.54,145.68 1549.86,145.63 1550.66,145.95 1551.44,146.44 1552.35,147.07">
        <request index="0" response="000010" foes="100010" cont="0"/>
        <request index="1" response="000000" foes="100001" cont="0"/>
        <request index="2" response="011000" foes="011000" cont="1"/>
        <request index="3" response="000000" foes="000100" cont="0"/>
        <request index="4" response="000000" foes="000100" cont="0"/>
        <request index="5" response="000011" foes="000011" cont="1"/>
    </junction>
    <junction id="88060341" type="priority" x="1279.54" y="40.86" incLanes="319252325_88061055_88060341_0 192552852_88061064_88060341_0 192552852_88061064_88060341_1 192552852_88061064_88060341_2" intLanes=":88060341_0_0 :88060341_1_0 :88060341_1_1 :88060341_1_2" shape="1320.00,52.38 1321.20,49.40 1321.37,47.97 1320.79,38.39 1311.32,38.69 1312.19,51.46 1315.12,51.32 1316.16,51.38 1317.18,51.56 1318.39,51.89">
        <request index="0" response="0000" foes="0000" cont="0"/>
        <request index="1" response="0000" foes="0000" cont="0"/>
        <request index="2" response="0000" foes="0000" cont="0"/>
        <request index="3" response="0000" foes="0000" cont="0"/>
    </junction>
    <junction id="88060447" type="traffic_light" x="1577.93" y="134.19" incLanes="319252331_3256641561_88060447_0 319252331_3256641561_88060447_1" intLanes=":88060447_0_0" shape="1577.93,134.19 1576.07,128.07 1577.93,134.19">
        <request index="0" response="0" foes="0" cont="0"/>
    </junction>
    <junction id="88061055" type="priority" x="1441.96" y="150.78" incLanes="319252333_1389302611_88061055_0 10367237_88061064_88061055_0" intLanes=":88061055_0_0 :88061055_3_0 :88061055_2_0" shape="1442.64,154.47 1444.94,148.50 1443.92,148.09 1443.57,147.91 1443.24,147.71 1442.86,147.43 1442.35,147.05 1440.40,149.58 1440.27,150.40 1439.56,153.52 1440.73,153.79 1441.13,153.91 1441.52,154.05 1442.00,154.22">
        <request index="0" response="000" foes="000" cont="0"/>
        <request index="1" response="100" foes="100" cont="1"/>
        <request index="2" response="000" foes="010" cont="0"/>
    </junction>
    <junction id="88061064" type="priority" x="1494.34" y="27.99" incLanes="192552848_2031023083_88061064_0 192552848_2031023083_88061064_1 192552848_2031023083_88061064_2 192552848_2031023083_88061064_3" intLanes=":88061064_0_0 :88061064_1_0 :88061064_1_1 :88061064_1_2" shape="1449.42,43.86 1448.55,31.09 1447.43,31.07 1446.65,30.94 1446.18,30.90 1445.53,30.91 1446.11,40.50 1446.33,40.64 1446.10,40.85 1445.63,41.16 1444.93,41.56 1444.00,42.05 1445.85,44.69 1447.09,44.13 1447.56,44.01 1448.04,43.94 1448.63,43.90">
        <request index="0" response="0000" foes="0000" cont="0"/>
        <request index="1" response="0000" foes="0000" cont="0"/>
        <request index="2" response="0000" foes="0000" cont="0"/>
        <request index="3" response="0000" foes="0000" cont="0"/>
    </junction>

    <junction id=":88060331_6_0" type="internal" x="1552.79" y="141.18" incLanes=":88060331_2_0 319252330_1389302611_88060331_0 319252330_1389302611_88060331_1" intLanes=":88060331_3_0 :88060331_3_1"/>
    <junction id=":88060331_7_0" type="internal" x="1548.52" y="142.24" incLanes=":88060331_5_0 10367221_88060173_88060331_0 319252328_3256641561_88060331_0" intLanes=":88060331_0_0 :88060331_1_0"/>
    <junction id=":88061055_3_0" type="internal" x="1442.30" y="150.91" incLanes=":88061055_1_0 10367237_88061064_88061055_0" intLanes=":88061055_2_0"/>

    <connection from="10367221_88060173_88060331" to="319252330_88060331_1389302611" fromLane="0" toLane="0" via=":88060331_0_0" dir="s" state="m"/>
    <connection from="10367237_88061064_88061055" to="319252333_88061055_1389302611" fromLane="0" toLane="0" via=":88061055_2_0" dir="s" state="M"/>
    <connection from="113622292_1288275930_272026323" to="124977386_272026323_1389302723" fromLane="0" toLane="0" via=":272026323_0_0" dir="s" state="M"/>
    <connection from="113622292_1288275930_272026323" to="124977386_272026323_1389302723" fromLane="1" toLane="1" via=":272026323_0_1" dir="s" state="M"/>
    <connection from="113622292_1288275930_272026323" to="124977386_272026323_1389302723" fromLane="2" toLane="2" via=":272026323_0_2" dir="s" state="M"/>
    <connection from="113622295_1288275815_1288275930" to="113622292_1288275930_272026323" fromLane="0" toLane="0" via=":1288275930_0_0" dir="s" state="M"/>
    <connection from="113622295_1288275815_1288275930" to="113622292_1288275930_272026323" fromLane="1" toLane="1" via=":1288275930_0_1" dir="s" state="M"/>
    <connection from="113622295_1288275815_1288275930" to="113622292_1288275930_272026323" fromLane="2" toLane="2" via=":1288275930_0_2" dir="s" state="M"/>
    <connection from="124977385_1389302723_2031023083" to="192552848_2031023083_88061064" fromLane="0" toLane="0" via=":2031023083_0_0" dir="s" state="M"/>
    <connection from="124977385_1389302723_2031023083" to="192552848_2031023083_88061064" fromLane="0" toLane="1" via=":2031023083_0_1" dir="s" state="M"/>
    <connection from="124977385_1389302723_2031023083" to="192552848_2031023083_88061064" fromLane="1" toLane="2" via=":2031023083_0_2" dir="s" state="M"/>
    <connection from="124977385_1389302723_2031023083" to="192552848_2031023083_88061064" fromLane="2" toLane="3" via=":2031023083_0_3" dir="s" state="M"/>
    <connection from="124977386_272026323_1389302723" to="124977385_1389302723_2031023083" fromLane="0" toLane="0" via=":1389302723_0_0" dir="s" state="M"/>
    <connection from="124977386_272026323_1389302723" to="124977385_1389302723_2031023083" fromLane="1" toLane="1" via=":1389302723_0_1" dir="s" state="M"/>
    <connection from="124977386_272026323_1389302723" to="124977385_1389302723_2031023083" fromLane="2" toLane="2" via=":1389302723_0_2" dir="s" state="M"/>
    <connection from="192548810_281722117_26305479" to="192548819_26305479_288337201" fromLane="0" toLane="1" via=":26305479_1_0" dir="s" state="M"/>
    <connection from="192548810_281722117_26305479" to="192548819_26305479_288337201" fromLane="1" toLane="2" via=":26305479_1_1" dir="s" state="M"/>
    <connection from="192548810_281722117_26305479" to="192548819_26305479_288337201" fromLane="2" toLane="3" via=":26305479_1_2" dir="s" state="M"/>
    <connection from="192548819_26305479_288337201" to="26317848_288337201_272019371" fromLane="0" toLane="0" via=":288337201_0_0" dir="s" state="M"/>
    <connection from="192548819_26305479_288337201" to="26317848_288337201_272019371" fromLane="1" toLane="1" via=":288337201_0_1" dir="s" state="M"/>
    <connection from="192548819_26305479_288337201" to="26317848_288337201_272019371" fromLane="2" toLane="2" via=":288337201_0_2" dir="s" state="M"/>
    <connection from="192548819_26305479_288337201" to="26317848_288337201_272019371" fromLane="3" toLane="3" via=":288337201_0_3" dir="s" state="M"/>
    <connection from="192548822_2030999712_281722117" to="25828075_281722117_281722123" fromLane="0" toLane="0" via=":281722117_0_0" dir="R" state="M"/>
    <connection from="192548822_2030999712_281722117" to="192548810_281722117_26305479" fromLane="1" toLane="0" via=":281722117_1_0" dir="s" state="M"/>
    <connection from="192548822_2030999712_281722117" to="192548810_281722117_26305479" fromLane="2" toLane="1" via=":281722117_1_1" dir="s" state="M"/>
    <connection from="192548822_2030999712_281722117" to="192548810_281722117_26305479" fromLane="3" toLane="2" via=":281722117_1_2" dir="s" state="M"/>
    <connection from="192548826_2030999713_3257049721" to="319292433_3257049721_1288275815" fromLane="0" toLane="0" via=":3257049721_0_0" dir="s" state="M"/>
    <connection from="192548826_2030999713_3257049721" to="319292433_3257049721_1288275815" fromLane="1" toLane="1" via=":3257049721_0_1" dir="s" state="M"/>
    <connection from="192548826_2030999713_3257049721" to="319292433_3257049721_1288275815" fromLane="2" toLane="2" via=":3257049721_0_2" dir="s" state="M"/>
    <connection from="192552847_88060341_2031023091" to="192552849_2031023091_26305480" fromLane="1" toLane="0" via=":2031023091_0_0" dir="s" state="M"/>
    <connection from="192552847_88060341_2031023091" to="192552849_2031023091_26305480" fromLane="2" toLane="1" via=":2031023091_0_1" dir="s" state="M"/>
    <connection from="192552847_88060341_2031023091" to="192552849_2031023091_26305480" fromLane="3" toLane="2" via=":2031023091_0_2" dir="s" state="M"/>
    <connection from="192552848_2031023083_88061064" to="10367237_88061064_88061055" fromLane="0" toLane="0" via=":88061064_0_0" dir="R" state="M"/>
    <connection from="192552848_2031023083_88061064" to="192552852_88061064_88060341" fromLane="1" toLane="0" via=":88061064_1_0" dir="s" state="M"/>
    <connection from="192552848_2031023083_88061064" to="192552852_88061064_88060341" fromLane="2" toLane="1" via=":88061064_1_1" dir="s" state="M"/>
    <connection from="192552848_2031023083_88061064" to="192552852_88061064_88060341" fromLane="3" toLane="2" via=":88061064_1_2" dir="s" state="M"/>
    <connection from="192552849_2031023091_26305480" to="27410145_26305480_300901535" fromLane="0" toLane="0" via=":26305480_0_0" dir="s" state="M"/>
    <connection from="192552849_2031023091_26305480" to="27410145_26305480_300901535" fromLane="1" toLane="1" via=":26305480_0_1" dir="s" state="M"/>
    <connection from="192552849_2031023091_26305480" to="27410145_26305480_300901535" fromLane="2" toLane="2" via=":26305480_0_2" dir="s" state="M"/>
    <connection from="192552852_88061064_88060341" to="192552847_88060341_2031023091" fromLane="0" toLane="1" via=":88060341_1_0" dir="s" state="M"/>
    <connection from="192552852_88061064_88060341" to="192552847_88060341_2031023091" fromLane="1" toLane="2" via=":88060341_1_1" dir="s" state="M"/>
    <connection from="192552852_88061064_88060341" to="192552847_88060341_2031023091" fromLane="2" toLane="3" via=":88060341_1_2" dir="s" state="M"/>
    <connection from="26317846_272019371_2030999713" to="192548826_2030999713_3257049721" fromLane="1" toLane="0" via=":2030999713_0_0" dir="s" state="M"/>
    <connection from="26317846_272019371_2030999713" to="192548826_2030999713_3257049721" fromLane="2" toLane="1" via=":2030999713_0_1" dir="s" state="M"/>
    <connection from="26317846_272019371_2030999713" to="192548826_2030999713_3257049721" fromLane="3" toLane="2" via=":2030999713_0_2" dir="s" state="M"/>
    <connection from="26317848_288337201_272019371" to="26317846_272019371_2030999713" fromLane="0" toLane="0" via=":272019371_0_0" dir="s" state="M"/>
    <connection from="26317848_288337201_272019371" to="26317846_272019371_2030999713" fromLane="1" toLane="1" via=":272019371_0_1" dir="s" state="M"/>
    <connection from="26317848_288337201_272019371" to="26317846_272019371_2030999713" fromLane="2" toLane="2" via=":272019371_0_2" dir="s" state="M"/>
    <connection from="26317848_288337201_272019371" to="26317846_272019371_2030999713" fromLane="3" toLane="3" via=":272019371_0_3" dir="s" state="M"/>
    <connection from="27410145_26305480_300901535" to="27410136_300901535_3257049719" fromLane="0" toLane="0" via=":300901535_0_0" dir="s" state="M"/>
    <connection from="27410145_26305480_300901535" to="27410136_300901535_3257049719" fromLane="1" toLane="1" via=":300901535_0_1" dir="s" state="M"/>
    <connection from="27410145_26305480_300901535" to="27410136_300901535_3257049719" fromLane="2" toLane="2" via=":300901535_0_2" dir="s" state="M"/>
    <connection from="319252325_88061055_88060341" to="192552847_88060341_2031023091" fromLane="0" toLane="0" via=":88060341_0_0" dir="s" state="M"/>
    <connection from="319252328_3256641561_88060331" to="319252330_88060331_1389302611" fromLane="0" toLane="0" via=":88060331_1_0" dir="s" state="M"/>
    <connection from="319252328_3256641561_88060331" to="319252328_88060331_3256641561" fromLane="0" toLane="1" via=":88060331_2_0" dir="t" state="m"/>
    <connection from="319252328_88060331_3256641561" to="319252331_3256641561_88060447" fromLane="0" toLane="0" via=":3256641561_1_0" dir="s" state="M"/>
    <connection from="319252328_88060331_3256641561" to="319252331_3256641561_88060447" fromLane="1" toLane="1" via=":3256641561_1_1" dir="s" state="M"/>
    <connection from="319252330_1389302611_88060331" to="319252328_88060331_3256641561" fromLane="0" toLane="0" via=":88060331_3_0" dir="s" state="M"/>
    <connection from="319252330_1389302611_88060331" to="319252328_88060331_3256641561" fromLane="1" toLane="1" via=":88060331_3_1" dir="s" state="M"/>
    <connection from="319252330_1389302611_88060331" to="319252330_88060331_1389302611" fromLane="1" toLane="0" via=":88060331_5_0" dir="t" state="m"/>
    <connection from="319252330_88060331_1389302611" to="319252333_1389302611_88061055" fromLane="0" toLane="0" via=":1389302611_0_0" dir="s" state="M"/>
    <connection from="319252331_3256641561_88060447" to="319252331_88060447_3256641561" fromLane="1" toLane="0" via=":88060447_0_0" tl="88060447" linkIndex="0" dir="t" state="O"/>
    <connection from="319252331_88060447_3256641561" to="319252328_3256641561_88060331" fromLane="0" toLane="0" via=":3256641561_0_0" dir="s" state="M"/>
    <connection from="319252333_1389302611_88061055" to="319252325_88061055_88060341" fromLane="0" toLane="0" via=":88061055_0_0" dir="s" state="M"/>
    <connection from="319252333_1389302611_88061055" to="319252333_88061055_1389302611" fromLane="0" toLane="0" via=":88061055_1_0" dir="t" state="m"/>
    <connection from="319252333_88061055_1389302611" to="319252330_1389302611_88060331" fromLane="0" toLane="0" via=":1389302611_1_0" dir="s" state="M"/>
    <connection from="319252333_88061055_1389302611" to="319252330_1389302611_88060331" fromLane="0" toLane="1" via=":1389302611_1_1" dir="s" state="M"/>
    <connection from="319292433_3257049721_1288275815" to="113622295_1288275815_1288275930" fromLane="0" toLane="0" via=":1288275815_0_0" dir="s" state="M"/>
    <connection from="319292433_3257049721_1288275815" to="113622295_1288275815_1288275930" fromLane="1" toLane="1" via=":1288275815_0_1" dir="s" state="M"/>
    <connection from="319292433_3257049721_1288275815" to="113622295_1288275815_1288275930" fromLane="2" toLane="2" via=":1288275815_0_2" dir="s" state="M"/>
    <connection from="412997780_4143246482_2030999712" to="192548822_2030999712_281722117" fromLane="0" toLane="0" via=":2030999712_0_0" dir="s" state="M"/>
    <connection from="412997780_4143246482_2030999712" to="192548822_2030999712_281722117" fromLane="0" toLane="1" via=":2030999712_0_1" dir="s" state="M"/>
    <connection from="412997780_4143246482_2030999712" to="192548822_2030999712_281722117" fromLane="1" toLane="2" via=":2030999712_0_2" dir="s" state="M"/>
    <connection from="412997780_4143246482_2030999712" to="192548822_2030999712_281722117" fromLane="2" toLane="3" via=":2030999712_0_3" dir="s" state="M"/>
    <connection from="9827680_41779436_26305479" to="192548819_26305479_288337201" fromLane="0" toLane="0" via=":26305479_0_0" dir="s" state="M"/>

    <connection from=":1288275815_0" to="113622295_1288275815_1288275930" fromLane="0" toLane="0" dir="s" state="M"/>
    <connection from=":1288275815_0" to="113622295_1288275815_1288275930" fromLane="1" toLane="1" dir="s" state="M"/>
    <connection from=":1288275815_0" to="113622295_1288275815_1288275930" fromLane="2" toLane="2" dir="s" state="M"/>
    <connection from=":1288275930_0" to="113622292_1288275930_272026323" fromLane="0" toLane="0" dir="s" state="M"/>
    <connection from=":1288275930_0" to="113622292_1288275930_272026323" fromLane="1" toLane="1" dir="s" state="M"/>
    <connection from=":1288275930_0" to="113622292_1288275930_272026323" fromLane="2" toLane="2" dir="s" state="M"/>
    <connection from=":1389302611_0" to="319252333_1389302611_88061055" fromLane="0" toLane="0" dir="s" state="M"/>
    <connection from=":1389302611_1" to="319252330_1389302611_88060331" fromLane="0" toLane="0" dir="s" state="M"/>
    <connection from=":1389302611_1" to="319252330_1389302611_88060331" fromLane="1" toLane="1" dir="s" state="M"/>
    <connection from=":1389302723_0" to="124977385_1389302723_2031023083" fromLane="0" toLane="0" dir="s" state="M"/>
    <connection from=":1389302723_0" to="124977385_1389302723_2031023083" fromLane="1" toLane="1" dir="s" state="M"/>
    <connection from=":1389302723_0" to="124977385_1389302723_2031023083" fromLane="2" toLane="2" dir="s" state="M"/>
    <connection from=":2030999712_0" to="192548822_2030999712_281722117" fromLane="0" toLane="0" dir="s" state="M"/>
    <connection from=":2030999712_0" to="192548822_2030999712_281722117" fromLane="1" toLane="1" dir="s" state="M"/>
    <connection from=":2030999712_0" to="192548822_2030999712_281722117" fromLane="2" toLane="2" dir="s" state="M"/>
    <connection from=":2030999712_0" to="192548822_2030999712_281722117" fromLane="3" toLane="3" dir="s" state="M"/>
    <connection from=":2030999713_0" to="192548826_2030999713_3257049721" fromLane="0" toLane="0" dir="s" state="M"/>
    <connection from=":2030999713_0" to="192548826_2030999713_3257049721" fromLane="1" toLane="1" dir="s" state="M"/>
    <connection from=":2030999713_0" to="192548826_2030999713_3257049721" fromLane="2" toLane="2" dir="s" state="M"/>
    <connection from=":2031023083_0" to="192552848_2031023083_88061064" fromLane="0" toLane="0" dir="s" state="M"/>
    <connection from=":2031023083_0" to="192552848_2031023083_88061064" fromLane="1" toLane="1" dir="s" state="M"/>
    <connection from=":2031023083_0" to="192552848_2031023083_88061064" fromLane="2" toLane="2" dir="s" state="M"/>
    <connection from=":2031023083_0" to="192552848_2031023083_88061064" fromLane="3" toLane="3" dir="s" state="M"/>
    <connection from=":2031023091_0" to="192552849_2031023091_26305480" fromLane="0" toLane="0" dir="s" state="M"/>
    <connection from=":2031023091_0" to="192552849_2031023091_26305480" fromLane="1" toLane="1" dir="s" state="M"/>
    <connection from=":2031023091_0" to="192552849_2031023091_26305480" fromLane="2" toLane="2" dir="s" state="M"/>
    <connection from=":26305479_0" to="192548819_26305479_288337201" fromLane="0" toLane="0" dir="s" state="M"/>
    <connection from=":26305479_1" to="192548819_26305479_288337201" fromLane="0" toLane="1" dir="s" state="M"/>
    <connection from=":26305479_1" to="192548819_26305479_288337201" fromLane="1" toLane="2" dir="s" state="M"/>
    <connection from=":26305479_1" to="192548819_26305479_288337201" fromLane="2" toLane="3" dir="s" state="M"/>
    <connection from=":26305480_0" to="27410145_26305480_300901535" fromLane="0" toLane="0" dir="s" state="M"/>
    <connection from=":26305480_0" to="27410145_26305480_300901535" fromLane="1" toLane="1" dir="s" state="M"/>
    <connection from=":26305480_0" to="27410145_26305480_300901535" fromLane="2" toLane="2" dir="s" state="M"/>
    <connection from=":272019371_0" to="26317846_272019371_2030999713" fromLane="0" toLane="0" dir="s" state="M"/>
    <connection from=":272019371_0" to="26317846_272019371_2030999713" fromLane="1" toLane="1" dir="s" state="M"/>
    <connection from=":272019371_0" to="26317846_272019371_2030999713" fromLane="2" toLane="2" dir="s" state="M"/>
    <connection from=":272019371_0" to="26317846_272019371_2030999713" fromLane="3" toLane="3" dir="s" state="M"/>
    <connection from=":272026323_0" to="124977386_272026323_1389302723" fromLane="0" toLane="0" dir="s" state="M"/>
    <connection from=":272026323_0" to="124977386_272026323_1389302723" fromLane="1" toLane="1" dir="s" state="M"/>
    <connection from=":272026323_0" to="124977386_272026323_1389302723" fromLane="2" toLane="2" dir="s" state="M"/>
    <connection from=":281722117_0" to="25828075_281722117_281722123" fromLane="0" toLane="0" dir="R" state="M"/>
    <connection from=":281722117_1" to="192548810_281722117_26305479" fromLane="0" toLane="0" dir="s" state="M"/>
    <connection from=":281722117_1" to="192548810_281722117_26305479" fromLane="1" toLane="1" dir="s" state="M"/>
    <connection from=":281722117_1" to="192548810_281722117_26305479" fromLane="2" toLane="2" dir="s" state="M"/>
    <connection from=":288337201_0" to="26317848_288337201_272019371" fromLane="0" toLane="0" dir="s" state="M"/>
    <connection from=":288337201_0" to="26317848_288337201_272019371" fromLane="1" toLane="1" dir="s" state="M"/>
    <connection from=":288337201_0" to="26317848_288337201_272019371" fromLane="2" toLane="2" dir="s" state="M"/>
    <connection from=":288337201_0" to="26317848_288337201_272019371" fromLane="3" toLane="3" dir="s" state="M"/>
    <connection from=":300901535_0" to="27410136_300901535_3257049719" fromLane="0" toLane="0" dir="s" state="M"/>
    <connection from=":300901535_0" to="27410136_300901535_3257049719" fromLane="1" toLane="1" dir="s" state="M"/>
    <connection from=":300901535_0" to="27410136_300901535_3257049719" fromLane="2" toLane="2" dir="s" state="M"/>
    <connection from=":3256641561_0" to="319252328_3256641561_88060331" fromLane="0" toLane="0" dir="s" state="M"/>
    <connection from=":3256641561_1" to="319252331_3256641561_88060447" fromLane="0" toLane="0" dir="s" state="M"/>
    <connection from=":3256641561_1" to="319252331_3256641561_88060447" fromLane="1" toLane="1" dir="s" state="M"/>
    <connection from=":3257049721_0" to="319292433_3257049721_1288275815" fromLane="0" toLane="0" dir="s" state="M"/>
    <connection from=":3257049721_0" to="319292433_3257049721_1288275815" fromLane="1" toLane="1" dir="s" state="M"/>
    <connection from=":3257049721_0" to="319292433_3257049721_1288275815" fromLane="2" toLane="2" dir="s" state="M"/>
    <connection from=":88060331_0" to="319252330_88060331_1389302611" fromLane="0" toLane="0" dir="s" state="M"/>
    <connection from=":88060331_1" to="319252330_88060331_1389302611" fromLane="0" toLane="0" dir="s" state="M"/>
    <connection from=":88060331_2" to="319252328_88060331_3256641561" fromLane="0" toLane="1" via=":88060331_6_0" dir="t" state="m"/>
    <connection from=":88060331_6" to="319252328_88060331_3256641561" fromLane="0" toLane="1" dir="t" state="M"/>
    <connection from=":88060331_3" to="319252328_88060331_3256641561" fromLane="0" toLane="0" dir="s" state="M"/>
    <connection from=":88060331_3" to="319252328_88060331_3256641561" fromLane="1" toLane="1" dir="s" state="M"/>
    <connection from=":88060331_5" to="319252330_88060331_1389302611" fromLane="0" toLane="0" via=":88060331_7_0" dir="t" state="m"/>
    <connection from=":88060331_7" to="319252330_88060331_1389302611" fromLane="0" toLane="0" dir="t" state="M"/>
    <connection from=":88060341_0" to="192552847_88060341_2031023091" fromLane="0" toLane="0" dir="s" state="M"/>
    <connection from=":88060341_1" to="192552847_88060341_2031023091" fromLane="0" toLane="1" dir="s" state="M"/>
    <connection from=":88060341_1" to="192552847_88060341_2031023091" fromLane="1" toLane="2" dir="s" state="M"/>
    <connection from=":88060341_1" to="192552847_88060341_2031023091" fromLane="2" toLane="3" dir="s" state="M"/>
    <connection from=":88060447_0" to="319252331_88060447_3256641561" fromLane="0" toLane="0" dir="t" state="M"/>
    <connection from=":88061055_0" to="319252325_88061055_88060341" fromLane="0" toLane="0" dir="s" state="M"/>
    <connection from=":88061055_1" to="319252333_88061055_1389302611" fromLane="0" toLane="0" via=":88061055_3_0" dir="t" state="m"/>
    <connection from=":88061055_3" to="319252333_88061055_1389302611" fromLane="0" toLane="0" dir="t" state="M"/>
    <connection from=":88061055_2" to="319252333_88061055_1389302611" fromLane="0" toLane="0" dir="s" state="M"/>
    <connection from=":88061064_0" to="10367237_88061064_88061055" fromLane="0" toLane="0" dir="R" state="M"/>
    <connection from=":88061064_1" to="192552852_88061064_88060341" fromLane="0" toLane="0" dir="s" state="M"/>
    <connection from=":88061064_1" to="192552852_88061064_88060341" fromLane="1" toLane="1" dir="s" state="M"/>
    <connection from=":88061064_1" to="192552852_88061064_88060341" fromLane="2" toLane="2" dir="s" state="M"/>

</net>
