<?xml version="1.0" encoding="UTF-8"?>
<ns3>
 <LogLevel>
     <!-- for name, refer to corresponding ns3 model -->
     <!-- possible level values: error warn debug info function logic all * -->
        <!-- including higher levels: level_error level_warn level_debug level_info level_function level_logic level_all ** -->
     <!-- possible prefix values: func time node level prefix_func prefix_time prefix_node prefix_level prefix_all -->
     <component name="*" value="prefix_level|prefix_time"/>

     <component name="MosaicStarter" value="warn|error|debug|info"/>
     <component name="MosaicSimulatorImpl" value="warn|error|debug|info"/>
     <component name="MosaicNs3Server" value="warn|error|debug|info"/>
     <component name="MosaicNodeManager" value="warn|error|debug|info"/>
     <component name="MosaicProxyApp" value="warn|error|debug|info|function|func"/>
     
     <component name="UdpSocketImpl" value="warn|error|info"/>
     <component name="UdpL4Protocol" value="warn|error|info"/>
     <component name="Ipv4L3Protocol" value="warn|error|info"/>
     <component name="Ipv4Interface" value="warn|error|info"/>
     <component name="TrafficControlLayer" value="warn|error|info"/>
     
     <component name="PropagationLossModel" value="warn|error|info"/>
     <component name="YansWifiPhy" value="warn|error|info"/>
     <component name="WaveNetDevice" value="warn|error|info"/>
     <component name="YansWifiChannel" value="warn|error|info"/>
     <component name="InterferenceHelper" value="warn|error|info"/>
     <!-- List can be extendy by other components to set logging for -->
 </LogLevel>

<!-- Mosaic Federate settings -->
 <default name="ns3::MosaicProxyApp::Port" value="8010"/>
 <default name="ns3::MosaicNodeManager::DelayModel" value="ns3::ConstantSpeedPropagationDelayModel"/>
 <default name="ns3::MosaicNodeManager::LossModel" value="ns3::FriisPropagationLossModel"/>

 
<!-- NS3 model settings -->
 <default name="ns3::RandomPropagationDelayModel::Variable" value="ns3::UniformRandomVariable"/>
 <default name="ns3::ConstantSpeedPropagationDelayModel::Speed" value="2.99792e+08"/>

 <default name="ns3::RandomPropagationLossModel::Variable" value="ns3::ConstantRandomVariable[Constant=1.0]"/>

 <default name="ns3::FriisPropagationLossModel::Frequency" value="5900000000"/>
 <default name="ns3::FriisPropagationLossModel::SystemLoss" value="1"/>
 <default name="ns3::FriisPropagationLossModel::MinLoss" value="0"/>

 <default name="ns3::TwoRayGroundPropagationLossModel::Frequency" value="5900000000"/>
 <default name="ns3::TwoRayGroundPropagationLossModel::SystemLoss" value="1"/>
 <default name="ns3::TwoRayGroundPropagationLossModel::MinDistance" value="1"/>
 <default name="ns3::TwoRayGroundPropagationLossModel::HeightAboveZ" value="2"/>

 <default name="ns3::LogDistancePropagationLossModel::Exponent" value="2.0"/>
 <default name="ns3::LogDistancePropagationLossModel::ReferenceDistance" value="1"/>
 <default name="ns3::LogDistancePropagationLossModel::ReferenceLoss" value="47.85704"/>

 <default name="ns3::WifiPhy::EnergyDetectionThreshold" value="-81.02"/>
 <default name="ns3::WifiPhy::CcaMode1Threshold" value="-99.0"/>
 <default name="ns3::WifiPhy::TxGain" value="0.0"/>
 <default name="ns3::WifiPhy::RxGain" value="0.0"/>
 <default name="ns3::WifiPhy::TxPowerLevels" value="1"/>
 <default name="ns3::WifiPhy::TxPowerEnd" value="17"/>
 <default name="ns3::WifiPhy::TxPowerStart" value="17"/>
 <default name="ns3::WifiPhy::RxNoiseFigure" value="0"/>
 <default name="ns3::WifiPhy::ChannelSwitchDelay" value="+250000.0ns"/>
 <default name="ns3::WifiPhy::ChannelNumber" value="178"/>
 <default name="ns3::WifiPhy::Frequency" value="5900"/>
 <default name="ns3::WifiPhy::Antennas" value="1"/>
 <default name="ns3::WifiPhy::ShortGuardEnabled" value="false"/>
 <default name="ns3::WifiPhy::LdpcEnabled" value="false"/>
 <default name="ns3::WifiPhy::STBCEnabled" value="false"/>
 <default name="ns3::WifiPhy::GreenfieldEnabled" value="false"/>
 <default name="ns3::WifiPhy::ShortPlcpPreambleSupported" value="false"/>
 <default name="ns3::WifiPhy::ChannelWidth" value="10"/>

 <default name="ns3::ConstantRateWifiManager::DataMode" value="OfdmRate6Mbps"/>
 <default name="ns3::ConstantRateWifiManager::ControlMode" value="OfdmRate6Mbps"/>

 <default name="ns3::QueueBase::MaxPackets" value="400"/>
 <default name="ns3::WifiMacQueue::MaxDelay" value="+500000000.0ns"/>
 <default name="ns3::WifiNetDevice::Mtu" value="2296"/>

 <default name="ns3::WifiMac::CtsTimeout" value="+75000.0ns"/>
 <default name="ns3::WifiMac::AckTimeout" value="+75000.0ns"/>
 <default name="ns3::WifiMac::BasicBlockAckTimeout" value="+281000.0ns"/>
 <default name="ns3::WifiMac::CompressedBlockAckTimeout" value="+107000.0ns"/>
 <default name="ns3::WifiMac::Sifs" value="+16000.0ns"/>
 <default name="ns3::WifiMac::EifsNoDifs" value="+60000.0ns"/>
 <default name="ns3::WifiMac::Slot" value="+9000.0ns"/>
 <default name="ns3::WifiMac::Pifs" value="+25000.0ns"/>
 <default name="ns3::WifiMac::Rifs" value="+2000.0ns"/>
 <default name="ns3::WifiMac::MaxPropagationDelay" value="+3333.0ns"/>
 <default name="ns3::WifiMac::Ssid" value="default"/>
 <global name="RngSeed" value="1"/>
</ns3>
