{
  "prototypes": [
{
      "name": "vehicle.audi.a2",
      "length": 3.7186214923858643,
"applications": [ "org.eclipse.mosaic.app.tutorial.VehicleCommunicationApp"]
    },
    {
      "name": "vehicle.audi.tt",
      "length": 4.147226333618164,
"applications":[ "org.eclipse.mosaic.app.tutorial.VehicleCommunicationApp"]
    },
    {
      "name": "vehicle.carlamotors.carlacola",
      "length": 5.1992292404174805,
"applications": [ "org.eclipse.mosaic.app.tutorial.VehicleCommunicationApp"]
    },
    {
      "name": "vehicle.dodge_charger.police",
      "length": 5.010976314544678,
"applications": [ "org.eclipse.mosaic.app.tutorial.VehicleCommunicationApp"]
    },
    {
      "name": "vehicle.jeep.wrangler_rubicon",
      "length": 3.8681068420410156,
"applications": [ "org.eclipse.mosaic.app.tutorial.VehicleCommunicationApp"]
    },
    {
      "name": "vehicle.chevrolet.impala",
      "length": 5.369193077087402,
"applications": [ "org.eclipse.mosaic.app.tutorial.VehicleCommunicationApp"]
    },
    {
      "name": "vehicle.mini.cooperst",
      "length": 3.8021926879882812,
"applications": [ "org.eclipse.mosaic.app.tutorial.VehicleCommunicationApp"]
    },
    {
      "name": "vehicle.bmw.isetta",
      "length": 2.2024967670440674,
"applications": [ "org.eclipse.mosaic.app.tutorial.VehicleCommunicationApp"]
    },
    {
      "name": "vehicle.audi.etron",
      "length": 4.892005443572998,
"applications": [ "org.eclipse.mosaic.app.tutorial.VehicleCommunicationApp"]
    },
    {
      "name": "vehicle.mercedes-benz.coupe",
      "length": 5.043785095214844,
"applications": [ "org.eclipse.mosaic.app.tutorial.VehicleCommunicationApp"]
    },
    {
      "name": "vehicle.bmw.grandtourer",
      "length": 4.639087677001953,
"applications": [ "org.eclipse.mosaic.app.tutorial.VehicleCommunicationApp"]
    },
    {
      "name": "vehicle.toyota.prius",
      "length": 4.538333415985107,
"applications": [ "org.eclipse.mosaic.app.tutorial.VehicleCommunicationApp"]
    },
    {
      "name": "vehicle.citroen.c3",
      "length": 3.9753477573394775,
"applications": [ "org.eclipse.mosaic.app.tutorial.VehicleCommunicationApp"]
    },
    {
      "name": "vehicle.mustang.mustang",
      "length": 4.904701232910156,
"applications": [ "org.eclipse.mosaic.app.tutorial.VehicleCommunicationApp"]
    },
    {
      "name": "vehicle.tesla.model3",
      "length": 4.808821678161621,
"applications": [ "org.eclipse.mosaic.app.tutorial.VehicleCommunicationApp"]
    },
    {
      "name": "vehicle.diamondback.century",
      "length": 1.6562436819076538,
"applications": [ "org.eclipse.mosaic.app.tutorial.VehicleCommunicationApp"]
    },
    {
      "name": "vehicle.gazelle.omafiets",
      "length": 1.843441367149353,
"applications": [ "org.eclipse.mosaic.app.tutorial.VehicleCommunicationApp"]
    },
    {
      "name": "vehicle.harley-davidson.low_rider",
      "length": 2.350175619125366,
"applications": [ "org.eclipse.mosaic.app.tutorial.VehicleCommunicationApp"]
    },
    {
      "name": "vehicle.bh.crossbike",
      "length": 1.5093227624893188,
"applications": [ "org.eclipse.mosaic.app.tutorial.VehicleCommunicationApp"]
    },
    {
      "name": "vehicle.tesla.cybertruck",
      "length": 6.364232063293457,
"applications": [ "org.eclipse.mosaic.app.tutorial.VehicleCommunicationApp"]
    },
    {
      "name": "vehicle.volkswagen.t2",
      "length": 4.473711013793945,
"applications": [ "org.eclipse.mosaic.app.tutorial.VehicleCommunicationApp"]
    },
    {
      "name": "vehicle.kawasaki.ninja",
      "length": 2.043684244155884,
"applications": [ "org.eclipse.mosaic.app.tutorial.VehicleCommunicationApp"]
    },
    {
      "name": "vehicle.lincoln.mkz2017",
      "length": 4.904701232910156,
 "applications": [ "org.eclipse.mosaic.app.tutorial.VehicleCommunicationApp"]
    },
    {
      "name": "vehicle.seat.leon",
      "length": 4.207873821258545,
"applications": [ "org.eclipse.mosaic.app.tutorial.VehicleCommunicationApp"]
    },
    {
      "name": "vehicle.yamaha.yzf",
      "length": 2.1907684803009033,
"applications": [ "org.eclipse.mosaic.app.tutorial.VehicleCommunicationApp"]
    },
    {
      "name": "vehicle.nissan.patrol",
      "length": 4.519999980926514,
"applications": [ "org.eclipse.mosaic.app.tutorial.VehicleCommunicationApp"]
    },
    {
      "name": "vehicle.nissan.micra",
      "length": 3.6688475608825684,
"applications": [ "org.eclipse.mosaic.app.tutorial.VehicleCommunicationApp"]
    }
  ],
"rsus": [
{
            "position": {
                "latitude": 52.582915,
                "longitude": 13.469694
            },
            "name": "infrastructure",
            "applications": [ "org.eclipse.mosaic.app.tutorial.InfrastructureApp" ]
        }
],
  "chargingStations": [],
  "vehicles": [
    {
      "startingTime": 2.0,
      "targetFlow": 600.0,
      "spawningMode": "CONSTANT",
      "maxNumberVehicles": 1,
      "laneSelectionMode": "BEST",
      "departSpeed": 0.0,
      "departSpeedMode": "MAXIMUM",
      "types": [
        {
          "name": "vehicle.audi.a2"
        }
      ],
      "deterministic": true,
      "pos": 0,
      "route": "2"
    },
    {
      "startingTime": 3.0,
      "targetFlow": 600.0,
      "spawningMode": "CONSTANT",
      "maxNumberVehicles": 1,
      "laneSelectionMode": "BEST",
      "departSpeed": 0.0,
      "departSpeedMode": "MAXIMUM",
      "types": [
        {
          "name": "vehicle.audi.tt"
        }
      ],
      "deterministic": true,
      "pos": 0,
      "route": "3"
    },
    {
      "startingTime": 4.0,
      "targetFlow": 600.0,
      "spawningMode": "CONSTANT",
      "maxNumberVehicles": 1,
      "laneSelectionMode": "BEST",
      "departSpeed": 0.0,
      "departSpeedMode": "MAXIMUM",
      "types": [
        {
          "name": "vehicle.carlamotors.carlacola"
        }
      ],
      "deterministic": true,
      "pos": 0,
      "route": "4"
    },
    {
      "startingTime": 5.0,
      "targetFlow": 600.0,
      "spawningMode": "CONSTANT",
      "maxNumberVehicles": 1,
      "laneSelectionMode": "BEST",
      "departSpeed": 0.0,
      "departSpeedMode": "MAXIMUM",
      "types": [
        {
          "name": "vehicle.dodge_charger.police"
        }
      ],
      "deterministic": true,
      "pos": 0,
      "route": "5"
    },
    {
      "startingTime": 6.0,
      "targetFlow": 600.0,
      "spawningMode": "CONSTANT",
      "maxNumberVehicles": 1,
      "laneSelectionMode": "BEST",
      "departSpeed": 0.0,
      "departSpeedMode": "MAXIMUM",
      "types": [
        {
          "name": "vehicle.jeep.wrangler_rubicon"
        }
      ],
      "deterministic": true,
      "pos": 0,
      "route": "6"
    },
    {
      "startingTime": 7.0,
      "targetFlow": 600.0,
      "spawningMode": "CONSTANT",
      "maxNumberVehicles": 1,
      "laneSelectionMode": "BEST",
      "departSpeed": 0.0,
      "departSpeedMode": "MAXIMUM",
      "types": [
        {
          "name": "vehicle.chevrolet.impala"
        }
      ],
      "deterministic": true,
      "pos": 0,
      "route": "7"
    },
    {
      "startingTime": 8.0,
      "targetFlow": 600.0,
      "spawningMode": "CONSTANT",
      "maxNumberVehicles": 1,
      "laneSelectionMode": "BEST",
      "departSpeed": 0.0,
      "departSpeedMode": "MAXIMUM",
      "types": [
        {
          "name": "vehicle.mini.cooperst"
        }
      ],
      "deterministic": true,
      "pos": 0,
      "route": "8"
    },
    {
      "startingTime": 9.0,
      "targetFlow": 600.0,
      "spawningMode": "CONSTANT",
      "maxNumberVehicles": 1,
      "laneSelectionMode": "BEST",
      "departSpeed": 0.0,
      "departSpeedMode": "MAXIMUM",
      "types": [
        {
          "name": "vehicle.bmw.isetta"
        }
      ],
      "deterministic": true,
      "pos": 0,
      "route": "9"
    },
    {
      "startingTime": 10.0,
      "targetFlow": 600.0,
      "spawningMode": "CONSTANT",
      "maxNumberVehicles": 1,
      "laneSelectionMode": "BEST",
      "departSpeed": 0.0,
      "departSpeedMode": "MAXIMUM",
      "types": [
        {
          "name": "vehicle.audi.etron"
        }
      ],
      "deterministic": true,
      "pos": 0,
      "route": "10"
    },
    {
      "startingTime": 11.0,
      "targetFlow": 600.0,
      "spawningMode": "CONSTANT",
      "maxNumberVehicles": 1,
      "laneSelectionMode": "BEST",
      "departSpeed": 0.0,
      "departSpeedMode": "MAXIMUM",
      "types": [
        {
          "name": "vehicle.mercedes-benz.coupe"
        }
      ],
      "deterministic": true,
      "pos": 0,
      "route": "11"
    },
    {
      "startingTime": 12.0,
      "targetFlow": 600.0,
      "spawningMode": "CONSTANT",
      "maxNumberVehicles": 1,
      "laneSelectionMode": "BEST",
      "departSpeed": 0.0,
      "departSpeedMode": "MAXIMUM",
      "types": [
        {
          "name": "vehicle.bmw.grandtourer"
        }
      ],
      "deterministic": true,
      "pos": 0,
      "route": "12"
    },
    {
      "startingTime": 13.0,
      "targetFlow": 600.0,
      "spawningMode": "CONSTANT",
      "maxNumberVehicles": 1,
      "laneSelectionMode": "BEST",
      "departSpeed": 0.0,
      "departSpeedMode": "MAXIMUM",
      "types": [
        {
          "name": "vehicle.toyota.prius"
        }
      ],
      "deterministic": true,
      "pos": 0,
      "route": "13"
    },
    {
      "startingTime": 14.0,
      "targetFlow": 600.0,
      "spawningMode": "CONSTANT",
      "maxNumberVehicles": 1,
      "laneSelectionMode": "BEST",
      "departSpeed": 0.0,
      "departSpeedMode": "MAXIMUM",
      "types": [
        {
          "name": "vehicle.citroen.c3"
        }
      ],
      "deterministic": true,
      "pos": 0,
      "route": "14"
    },
    {
      "startingTime": 15.0,
      "targetFlow": 600.0,
      "spawningMode": "CONSTANT",
      "maxNumberVehicles": 1,
      "laneSelectionMode": "BEST",
      "departSpeed": 0.0,
      "departSpeedMode": "MAXIMUM",
      "types": [
        {
          "name": "vehicle.mustang.mustang"
        }
      ],
      "deterministic": true,
      "pos": 0,
      "route": "15"
    },
    {
      "startingTime": 16.0,
      "targetFlow": 600.0,
      "spawningMode": "CONSTANT",
      "maxNumberVehicles": 1,
      "laneSelectionMode": "BEST",
      "departSpeed": 0.0,
      "departSpeedMode": "MAXIMUM",
      "types": [
        {
          "name": "vehicle.tesla.model3"
        }
      ],
      "deterministic": true,
      "pos": 0,
      "route": "16"
    },
    {
      "startingTime": 17.0,
      "targetFlow": 600.0,
      "spawningMode": "CONSTANT",
      "maxNumberVehicles": 1,
      "laneSelectionMode": "BEST",
      "departSpeed": 0.0,
      "departSpeedMode": "MAXIMUM",
      "types": [
        {
          "name": "vehicle.diamondback.century"
        }
      ],
      "deterministic": true,
      "pos": 0,
      "route": "17"
    },
    {
      "startingTime": 18.0,
      "targetFlow": 600.0,
      "spawningMode": "CONSTANT",
      "maxNumberVehicles": 1,
      "laneSelectionMode": "BEST",
      "departSpeed": 0.0,
      "departSpeedMode": "MAXIMUM",
      "types": [
        {
          "name": "vehicle.gazelle.omafiets"
        }
      ],
      "deterministic": true,
      "pos": 0,
      "route": "18"
    },
    {
      "startingTime": 19.0,
      "targetFlow": 600.0,
      "spawningMode": "CONSTANT",
      "maxNumberVehicles": 1,
      "laneSelectionMode": "BEST",
      "departSpeed": 0.0,
      "departSpeedMode": "MAXIMUM",
      "types": [
        {
          "name": "vehicle.harley-davidson.low_rider"
        }
      ],
      "deterministic": true,
      "pos": 0,
      "route": "19"
    },
    {
      "startingTime": 20.0,
      "targetFlow": 600.0,
      "spawningMode": "CONSTANT",
      "maxNumberVehicles": 1,
      "laneSelectionMode": "BEST",
      "departSpeed": 0.0,
      "departSpeedMode": "MAXIMUM",
      "types": [
        {
          "name": "vehicle.bh.crossbike"
        }
      ],
      "deterministic": true,
      "pos": 0,
      "route": "20"
    },
    {
      "startingTime": 21.0,
      "targetFlow": 600.0,
      "spawningMode": "CONSTANT",
      "maxNumberVehicles": 1,
      "laneSelectionMode": "BEST",
      "departSpeed": 0.0,
      "departSpeedMode": "MAXIMUM",
      "types": [
        {
          "name": "vehicle.tesla.cybertruck"
        }
      ],
      "deterministic": true,
      "pos": 0,
      "route": "21"
    },
    {
      "startingTime": 22.0,
      "targetFlow": 600.0,
      "spawningMode": "CONSTANT",
      "maxNumberVehicles": 1,
      "laneSelectionMode": "BEST",
      "departSpeed": 0.0,
      "departSpeedMode": "MAXIMUM",
      "types": [
        {
          "name": "vehicle.volkswagen.t2"
        }
      ],
      "deterministic": true,
      "pos": 0,
      "route": "22"
    },
    {
      "startingTime": 23.0,
      "targetFlow": 600.0,
      "spawningMode": "CONSTANT",
      "maxNumberVehicles": 1,
      "laneSelectionMode": "BEST",
      "departSpeed": 0.0,
      "departSpeedMode": "MAXIMUM",
      "types": [
        {
          "name": "vehicle.kawasaki.ninja"
        }
      ],
      "deterministic": true,
      "pos": 0,
      "route": "23"
    },
    {
      "startingTime": 24.0,
      "targetFlow": 600.0,
      "spawningMode": "CONSTANT",
      "maxNumberVehicles": 1,
      "laneSelectionMode": "BEST",
      "departSpeed": 0.0,
      "departSpeedMode": "MAXIMUM",
      "types": [
        {
          "name": "vehicle.lincoln.mkz2017"
        }
      ],
      "deterministic": true,
      "pos": 0,
      "route": "24"
    },
    {
      "startingTime": 25.0,
      "targetFlow": 600.0,
      "spawningMode": "CONSTANT",
      "maxNumberVehicles": 1,
      "laneSelectionMode": "BEST",
      "departSpeed": 0.0,
      "departSpeedMode": "MAXIMUM",
      "types": [
        {
          "name": "vehicle.seat.leon"
        }
      ],
      "deterministic": true,
      "pos": 0,
      "route": "25"
    },
    {
      "startingTime": 26.0,
      "targetFlow": 600.0,
      "spawningMode": "CONSTANT",
      "maxNumberVehicles": 1,
      "laneSelectionMode": "BEST",
      "departSpeed": 0.0,
      "departSpeedMode": "MAXIMUM",
      "types": [
        {
          "name": "vehicle.yamaha.yzf"
        }
      ],
      "deterministic": true,
      "pos": 0,
      "route": "26"
    },
    {
      "startingTime": 1.0,
      "targetFlow": 600.0,
      "spawningMode": "CONSTANT",
      "maxNumberVehicles": 1,
      "laneSelectionMode": "BEST",
      "departSpeed": 0.0,
      "departSpeedMode": "MAXIMUM",
      "types": [
        {
          "name": "vehicle.nissan.patrol"
        }
      ],
      "deterministic": true,
      "pos": 0,
      "route": "27"
    },
    {
      "startingTime": 0.0,
      "targetFlow": 600.0,
      "spawningMode": "CONSTANT",
      "maxNumberVehicles": 1,
      "laneSelectionMode": "BEST",
      "departSpeed": 0.0,
      "departSpeedMode": "MAXIMUM",
      "types": [
        {
          "name": "vehicle.nissan.micra"
        }
      ],
      "deterministic": true,
      "pos": 0,
      "route": "28"
    }
  ]
}