{
    "threads": 1,
    "federates": [
        {
            "id": "application",
            "classname": "org.eclipse.mosaic.fed.application.ambassador.ApplicationAmbassador",
            "configuration": "application_config.json",
            "priority": 50,
            "host": "local",
            "port": 0,
            "deploy": false,
            "start": false,
            "subscriptions": [
                "RsuRegistration",
                "TmcRegistration",
                "ServerRegistration",
                "ChargingStationRegistration",
                "TrafficLightRegistration",
                "VehicleRegistration",
                "ApplicationInteraction",
                "ChargingStationUpdates",
                "ChargingDenialResponse",
                "VehicleElectricityUpdates",
                "VehicleRouteRegistration",
                "V2xMessageReception",
                "V2xFullMessageReception",
                "V2xMessageAcknowledgement",
                "EnvironmentSensorUpdates",
                "SumoTraciResponse",
                "TrafficDetectorUpdates",
                "TrafficLightUpdates",
                "VehicleUpdates",
                "VehicleRoutesInitialization",
                "VehicleTypesInitialization",
                "VehicleSeenTrafficSignsUpdate",
                "ExternalMessage"
            ],
            "javaClasspathEntries": []
        },
        {
            "id": "carla",
            "classname": "org.eclipse.mosaic.fed.carla.ambassador.CarlaAmbassador",
            "configuration": "carla_config.json",
            "priority": 50,
            "host": "local",
            "port": 2000,
            "deploy": true,
            "start": true,
            "subscriptions": [
                "CarlaTraciResponse",
                "SimulationStepResponse",
                "CarlaV2xMessageReception"
            ],
            "javaClasspathEntries": []
        },
        {
            "id": "carma",
            "classname": "org.eclipse.mosaic.fed.carma.ambassador.CarmaMessageAmbassador",
            "configuration": "carma_config.json",
            "priority": 50,
            "host": "local",
            "port": 0,
            "deploy": false,
            "start": false,
            "subscriptions": [
                "CarmaV2xMessageReception"
            ],
            "javaClasspathEntries": []
        },
        {
            "id": "cell",
            "classname": "org.eclipse.mosaic.fed.cell.ambassador.CellAmbassador",
            "configuration": "cell_config.json",
            "priority": 50,
            "host": "local",
            "port": 0,
            "deploy": false,
            "start": false,
            "subscriptions": [
                "VehicleRegistration",
                "RsuRegistration",
                "TmcRegistration",
                "ServerRegistration",
                "TrafficLightRegistration",
                "ChargingStationRegistration",
                "VehicleUpdates",
                "V2xMessageTransmission",
                "CellularCommunicationConfiguration"
            ],
            "javaClasspathEntries": []
        },
        {
            "id": "environment",
            "classname": "org.eclipse.mosaic.fed.environment.ambassador.EnvironmentAmbassador",
            "configuration": "environment_config.json",
            "priority": 50,
            "host": "local",
            "port": 0,
            "deploy": false,
            "start": false,
            "subscriptions": [
                "EnvironmentSensorActivation",
                "VehicleUpdates"
            ],
            "javaClasspathEntries": []
        },
        {
            "id": "infrastructure",
            "classname": "org.eclipse.mosaic.fed.infrastructure.ambassador.InfrastructureMessageAmbassador",
            "configuration": "infrastructure_config.json",
            "priority": 50,
            "host": "local",
            "port": 0,
            "deploy": false,
            "start": false,
            "subscriptions": [
                "InfrastructureV2xMessageReception"
            ],
            "javaClasspathEntries": []
        },

        {
            "id": "mapping",
            "classname": "org.eclipse.mosaic.fed.mapping.ambassador.MappingAmbassador",
            "configuration": "mapping_config.json",
            "priority": 50,
            "host": "local",
            "port": 0,
            "deploy": false,
            "start": false,
            "subscriptions": [
                "VehicleRoutesInitialization",
                "ScenarioTrafficLightRegistration",
                "ScenarioVehicleRegistration",
                "VehicleFederateAssignment"
            ],
            "javaClasspathEntries": []
        },
        {
            "id": "omnetpp",
            "classname": "org.eclipse.mosaic.fed.omnetpp.ambassador.OmnetppAmbassador",
            "configuration": "omnetpp_config.json",
            "configurationDeployPath": "omnetpp-federate/simulations",
            "priority": 50,
            "dockerImage": "",
            "host": "local",
            "port": 4998,
            "deploy": true,
            "start": true,
            "subscriptions": [
                "VehicleRegistration",
                "RsuRegistration",
                "TrafficLightRegistration",
                "VehicleUpdates",
                "V2xMessageTransmission",
                "AdHocCommunicationConfiguration"
            ],
            "javaClasspathEntries": []
        },
        {
            "id": "ns3",
            "classname": "org.eclipse.mosaic.fed.ns3.ambassador.Ns3Ambassador",
            "configuration": "ns3_config.json",
            "configurationDeployPath": "ns3/scratch",
            "priority": 50,
            "dockerImage": "ns3-federate",
            "host": "local",
            "port": 5011,
            "deploy": true,
            "start": true,
            "subscriptions": [
                "VehicleRegistration",
                "RsuRegistration",
                "TrafficLightRegistration",
                "VehicleUpdates",
                "V2xMessageTransmission",
                "AdHocCommunicationConfiguration"
            ],
            "javaClasspathEntries": []
        },
        {
            "id": "sns",
            "classname": "org.eclipse.mosaic.fed.sns.ambassador.SnsAmbassador",
            "configuration": "sns_config.json",
            "priority": 50,
            "host": "local",
            "port": 0,
            "deploy": false,
            "start": false,
            "subscriptions": [
                "VehicleRegistration",
                "RsuRegistration",
                "TrafficLightRegistration",
                "VehicleUpdates",
                "V2xMessageTransmission",
                "AdHocCommunicationConfiguration"
            ],
            "javaClasspathEntries": []
        },
        {
            "id": "sumo",
            "classname": "org.eclipse.mosaic.fed.sumo.ambassador.SumoGuiAmbassador",
            "configuration": "sumo_config.json",
            "priority": 50,
            "host": "local",
            "port": 0,
            "deploy": true,
            "start": true,
            "subscriptions": [
                "VehicleTypesInitialization",
                "VehicleRoutesInitialization",
                "VehicleRegistration",
                "VehicleSlowDown",
                "VehicleRouteRegistration",
                "VehicleRouteChange",
                "VehicleLaneChange",
                "LanePropertyChange",
                "TrafficLightStateChange",
                "VehicleStop",
                "VehicleResume",
                "SumoTraciRequest",
                "VehicleDistanceSensorActivation",
                "VehicleSpeedChange",
                "VehicleFederateAssignment",
                "VehicleParametersChange",
                "VehicleUpdates",
                "InductionLoopDetectorSubscription",
                "LaneAreaDetectorSubscription",
                "TrafficLightSubscription",
                "CarlaTraciRequest",
                "SimulationStep"
            ],
            "javaClasspathEntries": []
        },
        {
            "id": "output",
            "classname": "org.eclipse.mosaic.fed.output.ambassador.OutputAmbassador",
            "configuration": "output_config.xml",
            "priority": 50,
            "deploy": false,
            "start": false,
            "subscriptions": [
                "ChargingStationRegistration",
                "RsuRegistration",
                "TrafficLightRegistration",
                "TrafficSignRegistration",
                "VehicleRegistration",
                "ItefLogging",
                "VehicleLaneChange",
                "LanePropertyChange",
                "VehicleRouteChange",
                "TrafficLightStateChange",
                "TrafficSignSpeedLimitChange",
                "TrafficSignLaneAssignmentChange",
                "ChargingStationUpdates",
                "AdHocCommunicationConfiguration",
                "CellularCommunicationConfiguration",
                "V2xMessageRemoval",
                "V2xMessageReception",
                "V2xMessageTransmission",
                "EnvironmentSensorUpdates",
                "VehicleSlowDown",
                "TrafficDetectorUpdates",
                "TrafficLightUpdates",
                "VehicleElectricityUpdates",
                "CellularHandoverUpdates",
                "VehicleUpdates",
                "VehicleRoutesInitialization",
                "VehicleTypesInitialization"
            ],
            "javaClasspathEntries": []
        }
    ]
}
